/*
 Navicat MySQL Data Transfer

 Source Server         : mysql
 Source Server Type    : MySQL
 Source Server Version : 80011
 Source Host           : localhost:3306
 Source Schema         : demo

 Target Server Type    : MySQL
 Target Server Version : 80011
 File Encoding         : 65001

 Date: 07/09/2019 16:07:31
*/

SET NAMES utf8mb4;
SET FOREIGN_KEY_CHECKS = 0;

-- ----------------------------
-- Table structure for act_evt_log
-- ----------------------------
DROP TABLE IF EXISTS `act_evt_log`;
CREATE TABLE `act_evt_log`  (
  `LOG_NR_` bigint(20) NOT NULL AUTO_INCREMENT,
  `TYPE_` varchar(64) CHARACTER SET utf8 COLLATE utf8_bin NULL DEFAULT NULL,
  `PROC_DEF_ID_` varchar(64) CHARACTER SET utf8 COLLATE utf8_bin NULL DEFAULT NULL,
  `PROC_INST_ID_` varchar(64) CHARACTER SET utf8 COLLATE utf8_bin NULL DEFAULT NULL,
  `EXECUTION_ID_` varchar(64) CHARACTER SET utf8 COLLATE utf8_bin NULL DEFAULT NULL,
  `TASK_ID_` varchar(64) CHARACTER SET utf8 COLLATE utf8_bin NULL DEFAULT NULL,
  `TIME_STAMP_` timestamp(0) NOT NULL DEFAULT CURRENT_TIMESTAMP ON UPDATE CURRENT_TIMESTAMP(0),
  `USER_ID_` varchar(255) CHARACTER SET utf8 COLLATE utf8_bin NULL DEFAULT NULL,
  `DATA_` longblob NULL,
  `LOCK_OWNER_` varchar(255) CHARACTER SET utf8 COLLATE utf8_bin NULL DEFAULT NULL,
  `LOCK_TIME_` timestamp(0) NULL DEFAULT NULL,
  `IS_PROCESSED_` tinyint(4) NULL DEFAULT 0,
  PRIMARY KEY (`LOG_NR_`) USING BTREE
) ENGINE = InnoDB AUTO_INCREMENT = 1 CHARACTER SET = utf8 COLLATE = utf8_bin ROW_FORMAT = Compact;

-- ----------------------------
-- Table structure for act_ge_bytearray
-- ----------------------------
DROP TABLE IF EXISTS `act_ge_bytearray`;
CREATE TABLE `act_ge_bytearray`  (
  `ID_` varchar(64) CHARACTER SET utf8 COLLATE utf8_bin NOT NULL DEFAULT '',
  `REV_` int(11) NULL DEFAULT NULL,
  `NAME_` varchar(255) CHARACTER SET utf8 COLLATE utf8_bin NULL DEFAULT NULL,
  `DEPLOYMENT_ID_` varchar(64) CHARACTER SET utf8 COLLATE utf8_bin NULL DEFAULT NULL,
  `BYTES_` longblob NULL,
  `GENERATED_` tinyint(4) NULL DEFAULT NULL,
  PRIMARY KEY (`ID_`) USING BTREE,
  INDEX `ACT_FK_BYTEARR_DEPL`(`DEPLOYMENT_ID_`) USING BTREE,
  CONSTRAINT `ACT_FK_BYTEARR_DEPL` FOREIGN KEY (`DEPLOYMENT_ID_`) REFERENCES `act_re_deployment` (`id_`) ON DELETE RESTRICT ON UPDATE RESTRICT
) ENGINE = InnoDB CHARACTER SET = utf8 COLLATE = utf8_bin ROW_FORMAT = Compact;

-- ----------------------------
-- Records of act_ge_bytearray
-- ----------------------------
INSERT INTO `act_ge_bytearray` VALUES ('2', 3, 'source', NULL, 0x7B227265736F757263654964223A2231222C2270726F70657274696573223A7B2270726F636573735F6964223A2270726F63657373222C226E616D65223A22E8AFB7E58187E6B581E7A88B222C22646F63756D656E746174696F6E223A22222C2270726F636573735F617574686F72223A22222C2270726F636573735F76657273696F6E223A22222C2270726F636573735F6E616D657370616365223A22687474703A2F2F7777772E61637469766974692E6F72672F70726F63657373646566222C22657865637574696F6E6C697374656E657273223A22222C226576656E746C697374656E657273223A22222C227369676E616C646566696E6974696F6E73223A22222C226D657373616765646566696E6974696F6E73223A22227D2C227374656E63696C223A7B226964223A2242504D4E4469616772616D227D2C226368696C64536861706573223A5B7B227265736F757263654964223A227369642D37314131344343322D463936362D344144322D383430302D304243333531424536443645222C2270726F70657274696573223A7B226F766572726964656964223A227374617274222C226E616D65223A22222C22646F63756D656E746174696F6E223A22222C22657865637574696F6E6C697374656E657273223A22222C22696E69746961746F72223A22222C22666F726D6B6579646566696E6974696F6E223A22222C22666F726D70726F70657274696573223A7B22666F726D50726F70657274696573223A5B7B226964223A226E616D65222C226E616D65223A22E8AFB7E58187E4BABA222C2274797065223A22737472696E67222C227265616461626C65223A747275652C227772697461626C65223A747275657D2C7B226964223A226E756D222C226E616D65223A22E8AFB7E58187E5A4A9E695B0222C2274797065223A226C6F6E67222C227265616461626C65223A747275652C227772697461626C65223A747275657D5D7D7D2C227374656E63696C223A7B226964223A2253746172744E6F6E654576656E74227D2C226368696C64536861706573223A5B5D2C226F7574676F696E67223A5B7B227265736F757263654964223A227369642D41363732364636392D414545362D343441362D423233462D374342334432353443343843227D5D2C22626F756E6473223A7B226C6F7765725269676874223A7B2278223A3136352C2279223A3239357D2C2275707065724C656674223A7B2278223A3133352C2279223A3236357D7D2C22646F636B657273223A5B5D7D2C7B227265736F757263654964223A227369642D33373931414338352D414332422D344639462D384336332D363934354242443643444439222C2270726F70657274696573223A7B226F766572726964656964223A22222C226E616D65223A22E4BABAE4BA8BE983A8E5AEA1E689B9222C22646F63756D656E746174696F6E223A22222C226173796E6368726F6E6F7573646566696E6974696F6E223A2266616C7365222C226578636C7573697665646566696E6974696F6E223A2266616C7365222C22657865637574696F6E6C697374656E657273223A22222C226D756C7469696E7374616E63655F74797065223A224E6F6E65222C226D756C7469696E7374616E63655F63617264696E616C697479223A22222C226D756C7469696E7374616E63655F636F6C6C656374696F6E223A22222C226D756C7469696E7374616E63655F7661726961626C65223A22222C226D756C7469696E7374616E63655F636F6E646974696F6E223A22222C226973666F72636F6D70656E736174696F6E223A2266616C7365222C22757365727461736B61737369676E6D656E74223A7B2261737369676E6D656E74223A7B2261737369676E6565223A227A68616E6773616E227D7D2C22666F726D6B6579646566696E6974696F6E223A22222C2264756564617465646566696E6974696F6E223A22222C227072696F72697479646566696E6974696F6E223A22222C22666F726D70726F70657274696573223A7B22666F726D50726F70657274696573223A5B7B226964223A22736869222C226E616D65223A22E698AFE590A6E5908CE6848F222C2274797065223A22626F6F6C65616E222C227265616461626C65223A747275652C227772697461626C65223A747275657D2C7B226964223A22626569222C226E616D65223A22E5A487E6B3A8222C2274797065223A22737472696E67222C227265616461626C65223A747275652C227772697461626C65223A747275657D5D7D2C227461736B6C697374656E657273223A22227D2C227374656E63696C223A7B226964223A22557365725461736B227D2C226368696C64536861706573223A5B5D2C226F7574676F696E67223A5B7B227265736F757263654964223A227369642D37384139434232442D323230362D343738332D424335462D354646453832463945433241227D5D2C22626F756E6473223A7B226C6F7765725269676874223A7B2278223A3431352C2279223A3332307D2C2275707065724C656674223A7B2278223A3331352C2279223A3234307D7D2C22646F636B657273223A5B5D7D2C7B227265736F757263654964223A227369642D41363732364636392D414545362D343441362D423233462D374342334432353443343843222C2270726F70657274696573223A7B226F766572726964656964223A22222C226E616D65223A22222C22646F63756D656E746174696F6E223A22222C22636F6E646974696F6E73657175656E6365666C6F77223A22222C22657865637574696F6E6C697374656E657273223A22222C2264656661756C74666C6F77223A2266616C7365227D2C227374656E63696C223A7B226964223A2253657175656E6365466C6F77227D2C226368696C64536861706573223A5B5D2C226F7574676F696E67223A5B7B227265736F757263654964223A227369642D33373931414338352D414332422D344639462D384336332D363934354242443643444439227D5D2C22626F756E6473223A7B226C6F7765725269676874223A7B2278223A3331342E34343932313837352C2279223A3238307D2C2275707065724C656674223A7B2278223A3136352E32373733343337352C2279223A3238307D7D2C22646F636B657273223A5B7B2278223A31352C2279223A31357D2C7B2278223A35302C2279223A34307D5D2C22746172676574223A7B227265736F757263654964223A227369642D33373931414338352D414332422D344639462D384336332D363934354242443643444439227D7D2C7B227265736F757263654964223A227369642D46463546374533322D464536442D343044432D393046432D393931363044373239454142222C2270726F70657274696573223A7B226F766572726964656964223A22222C226E616D65223A22E680BBE7BB8FE79086E5AEA1E689B9222C22646F63756D656E746174696F6E223A22222C226173796E6368726F6E6F7573646566696E6974696F6E223A2266616C7365222C226578636C7573697665646566696E6974696F6E223A2266616C7365222C22657865637574696F6E6C697374656E657273223A22222C226D756C7469696E7374616E63655F74797065223A224E6F6E65222C226D756C7469696E7374616E63655F63617264696E616C697479223A22222C226D756C7469696E7374616E63655F636F6C6C656374696F6E223A22222C226D756C7469696E7374616E63655F7661726961626C65223A22222C226D756C7469696E7374616E63655F636F6E646974696F6E223A22222C226973666F72636F6D70656E736174696F6E223A2266616C7365222C22757365727461736B61737369676E6D656E74223A7B2261737369676E6D656E74223A7B2261737369676E6565223A226C697369227D7D2C22666F726D6B6579646566696E6974696F6E223A22222C2264756564617465646566696E6974696F6E223A22222C227072696F72697479646566696E6974696F6E223A22222C22666F726D70726F70657274696573223A7B22666F726D50726F70657274696573223A5B7B226964223A226973222C226E616D65223A22E698AFE590A6E5908CE6848F222C2274797065223A22626F6F6C65616E222C227265616461626C65223A747275652C227772697461626C65223A747275657D2C7B226964223A226265697A6875222C226E616D65223A22E5A487E6B3A8222C2274797065223A22737472696E67222C227265616461626C65223A747275652C227772697461626C65223A747275657D5D7D2C227461736B6C697374656E657273223A22227D2C227374656E63696C223A7B226964223A22557365725461736B227D2C226368696C64536861706573223A5B5D2C226F7574676F696E67223A5B7B227265736F757263654964223A227369642D42433839353437452D393530362D344435362D413931452D383933363244414338313144227D5D2C22626F756E6473223A7B226C6F7765725269676874223A7B2278223A3638352C2279223A3332307D2C2275707065724C656674223A7B2278223A3538352C2279223A3234307D7D2C22646F636B657273223A5B5D7D2C7B227265736F757263654964223A227369642D37384139434232442D323230362D343738332D424335462D354646453832463945433241222C2270726F70657274696573223A7B226F766572726964656964223A22222C226E616D65223A22222C22646F63756D656E746174696F6E223A22222C22636F6E646974696F6E73657175656E6365666C6F77223A22222C22657865637574696F6E6C697374656E657273223A22222C2264656661756C74666C6F77223A2266616C7365227D2C227374656E63696C223A7B226964223A2253657175656E6365466C6F77227D2C226368696C64536861706573223A5B5D2C226F7574676F696E67223A5B7B227265736F757263654964223A227369642D46463546374533322D464536442D343044432D393046432D393931363044373239454142227D5D2C22626F756E6473223A7B226C6F7765725269676874223A7B2278223A3538342E343239363837352C2279223A3238307D2C2275707065724C656674223A7B2278223A3431352E353730333132352C2279223A3238307D7D2C22646F636B657273223A5B7B2278223A35302C2279223A34307D2C7B2278223A35302C2279223A34307D5D2C22746172676574223A7B227265736F757263654964223A227369642D46463546374533322D464536442D343044432D393046432D393931363044373239454142227D7D2C7B227265736F757263654964223A227369642D37343534343633432D374244382D344242322D384534432D413543333338414132443634222C2270726F70657274696573223A7B226F766572726964656964223A22222C226E616D65223A22E7BB93E69D9F222C22646F63756D656E746174696F6E223A22222C22657865637574696F6E6C697374656E657273223A22227D2C227374656E63696C223A7B226964223A22456E644E6F6E654576656E74227D2C226368696C64536861706573223A5B5D2C226F7574676F696E67223A5B5D2C22626F756E6473223A7B226C6F7765725269676874223A7B2278223A3833382C2279223A3239347D2C2275707065724C656674223A7B2278223A3831302C2279223A3236367D7D2C22646F636B657273223A5B5D7D2C7B227265736F757263654964223A227369642D42433839353437452D393530362D344435362D413931452D383933363244414338313144222C2270726F70657274696573223A7B226F766572726964656964223A22222C226E616D65223A22222C22646F63756D656E746174696F6E223A22222C22636F6E646974696F6E73657175656E6365666C6F77223A22222C22657865637574696F6E6C697374656E657273223A22222C2264656661756C74666C6F77223A2266616C7365227D2C227374656E63696C223A7B226964223A2253657175656E6365466C6F77227D2C226368696C64536861706573223A5B5D2C226F7574676F696E67223A5B7B227265736F757263654964223A227369642D37343534343633432D374244382D344242322D384534432D413543333338414132443634227D5D2C22626F756E6473223A7B226C6F7765725269676874223A7B2278223A3830392E373130393337352C2279223A3238307D2C2275707065724C656674223A7B2278223A3638352E34363438343337352C2279223A3238307D7D2C22646F636B657273223A5B7B2278223A35302C2279223A34307D2C7B2278223A31342C2279223A31347D5D2C22746172676574223A7B227265736F757263654964223A227369642D37343534343633432D374244382D344242322D384534432D413543333338414132443634227D7D5D2C22626F756E6473223A7B226C6F7765725269676874223A7B2278223A313230302C2279223A313035307D2C2275707065724C656674223A7B2278223A302C2279223A307D7D2C227374656E63696C736574223A7B2275726C223A227374656E63696C736574732F62706D6E322E302F62706D6E322E302E6A736F6E222C226E616D657370616365223A22687474703A2F2F62336D6E2E6F72672F7374656E63696C7365742F62706D6E322E3023227D2C227373657874656E73696F6E73223A5B5D7D, NULL);
INSERT INTO `act_ge_bytearray` VALUES ('2502', 1, 'source', NULL, 0x7B226964223A2263616E766173222C227265736F757263654964223A2263616E766173222C227374656E63696C736574223A7B226E616D657370616365223A22687474703A2F2F62336D6E2E6F72672F7374656E63696C7365742F62706D6E322E3023227D7D, NULL);
INSERT INTO `act_ge_bytearray` VALUES ('5002', 1, 'source', NULL, 0x7B226964223A2263616E766173222C227265736F757263654964223A2263616E766173222C227374656E63696C736574223A7B226E616D657370616365223A22687474703A2F2F62336D6E2E6F72672F7374656E63696C7365742F62706D6E322E3023227D7D, NULL);
INSERT INTO `act_ge_bytearray` VALUES ('7501', 2, 'source-extra', NULL, 0x89504E470D0A1A0A0000000D4948445200000378000001720806000000A76A7801000000206348524D00007A26000080840000FA00000080E8000075300000EA6000003A98000017709CBA513C0000000467414D410000B18E7CFB5193000000017352474200AECE1CE900000006624B474400FF00FF00FFA0BDA793000000097048597300000EC400000EC401952B0E1B00001EA94944415478DAEDDD0B989655BD28F0772E3083C880044A66DE4D6C7B418F97325272AB94BAD55DB80141BB3C2679CC535A5BD3CCA366491D33DD65E6855283C00BA96592608949661A88C2A3A7DCEA880AA8800C37476066CEFABFCC37E7736090CBCC300CBFDFF3ACE7BBBDDFC7C79A6FADF7FF7FD77AD79B6500000000000000000000000000000000000000000000000000000000000000000000000000000000000000000000000000000000000000000000000000000000000000000000000000000000000000000000000000000000000000000000000000000000000000000000000000000000000000000000000000000000000000000000000000000000000000000000000000000000000000000000000000000000000000000000000000000000000000000000000000000000000000000000000000000000000000000000000000000000000000000000000000000000000000000000000000000000000000000000000000000000000000000000000000000000000000000000000000000000000000000000000000000000000000000000000000000000000000000000000000000000000000000000000000000000000000000000000000000000000000000000000000000000000000000000000000000000000000000000000000000000000000000000000000000000000000000000000000000000000000000000000000000000000000000000000000000000000000000000000000000000000000000000000000000000000000000000000000000000000000000000000000000000000000000000000000000000000000000000000000000000000000000000000000000000000000000000000000000000000000000000000000000000000000000000000000000000000000000000000000000000000000000000000000000000000000000000000000000000000000000000000000000000000000000000000000000000000000000000000000000000000000000000000000000000000000000000000000000000000000000000000000000000000000000000000000000000000000000000000000000000000000000000000000000000000000000000000000000000000000000000000000000000000000000000000000000000000000000000000000000000000000000000000000000000000000000000000000000000000000000000000000000000000000000000000000000000000000000000000000000000000000000000000000000000000000000000000000000000000000000000000000000000000000000000AC4F892A00B6550D0D0D952FBFFCF257972D5B3672C58A15FB2E5FBEBCB2BEBE5EC56CEE8EA5A4A4A1A2A26261D7AE5D9F5CB56AD53503070E7C44ADA0DF40BF01123C80369302B4AF2C58B0E047B5B5B5DBF5EBD72FEBD9B367D6A3478FACB4B454E56CA6087653F09B2D59B2249B3F7FFECABABABAE7DF79E79D9183070F9EAD76D06FA0DF00091E40AB9A3367CE7D2FBDF4D229BBEEBA6BB6F3CE3BC7916395D286E6CE9D9B555757BFD3D0D030FC98638EB95F8DA0DF40BF016DA74C1500DB5A9096CA29FBEDB75FD6B76F5F415A3B88118EDEBD7B7779F3CD374F1C3972E4AC3BEEB8E39F6A05FD06FA0D90E0016C96985E555D5DFD8D08D2AAAAAAD67AFDDD656F64F39FBB379BFFFCFDD982971FC956BCFD7256D17DC7ACBCA24AE56DA6AE5DBB46B056317FFEFC13468C18F1FBB163C7BEA956D06FA0DF80D667D238B04D888511E2DC99985ED55290F6EA8C5F64CB16FC23ABAF5B9935D4AFCE562C7A319B337D4C56BBE47515D80ABA77EF9EEDBEFBEEF5656565FFA536D06FA0DF00091EC0268B55EF6261843877665D16BDF258B67AE5F2B59E8FA06DC1CB5355602BD965975D7A979797EF3365CA948FA90DF41BE837408207B0496249F358F5AEA57367DE59CFD1F6384A4FEBD971C71DE7A79BCFA909F41BE837408207B049E27A55B1A4794B1AEA56B5FCE606D7B86A4D7DFAF4F950BA19A426D06FA0DF80D657AE0A806D415C8C38566563CB4B7F870FA69BBE6A02FD06FA0D687D46F0806D425C44D7C5883BC88E67CDDFC10146F41BE837408207D036BA74DBA1C5D7CA2B1CC107F41B80040F60ABD17BD723B3F2AEDDD77ABEAC4BB7ACF76E035510A0DF002478005B8BEDFBEE9775EFB3EF3A9FEFB1E3BFA82040BF0148F000B62675ABDE59EBB9D5EF2E5531807E0390E0016C2D562E7F2B9B337D4CB6ECADE7D77A6DF9C217B2397FBF25DF0640BF0148F0003AB09AB9335290766BB6E2ED975BDC66C5E257B2EA276FCCDE9EF378D6E0DA56A0DFD06F001D98E566816D521C597FE39F0FE647DA37447DDDCA7CFBA56F3D9FEDF89113B2CAFC924C807E43BF01742C46F0806D521C59DFD020AD581CB17FE5A99B5420E837F41B80040FA0A38823EB9BAAA17EB50A04FD867E03E8904CD104B649FD8FBD4A2500FA0DA0D3318207000020C1030000408207000080040F00008075B3C80A9BA5A1A1A172D6AC599F7FFAE9A74F9F376FDE80B973E76EB764C992F2DADADAACBCBCBCA1478F1EAB7AF7EEFD7A5555D5E369F3EF5E74D145FF506B0000B486112346ECB27AF5EA534B4A4A8E4E0F07A4D22F95ED53A94D657E8A5567A6D7FE5256563661DCB871AF49F0603D89DD6F7EF39B9BAFBAEAAAE10B172E2CDF6FBFFDB2418306651FFEF087B394D065959595594AF24A962E5DDAF5D5575FDD63F6ECD97BCC9831E3F4F3CF3F7FCEF2E5CBAFBAF9E69B6F558B00006C8AE1C3879F9A6ECEADAFAF3F2A25705DD7B149652ABBA7D7764FB7A7D6D5D5FD9F61C3864D4D8FC78C1F3F7EAC040F8A3CF1C4135FFADEF7BEF7B39A9A9A8AD450B2830E3A282B2B2B5BBB55A5242F4ADFBE7DB3430E39243BF3CC334B9E79E699DD264C98F0F351A3467D63D1A245FF76F7DD77FFB71A05006043A4D83392B69F3734340CDE84B70F4AEF1B943E63544AF8BED859E350091E1B2C3588F2DFFEF6B7936FBBEDB64F9D78E289D9673EF399752676EB13C9602A650F3DF450FFBBEEBAEBD9B3CF3EFB7F19CD0300E0FD0C1D3A74586969E9CFEAEBEB77283C17B1E8FEFBEF9F1D71C411D9DE7BEF9DF5EAD52BEBD1A347B662C58A6CF1E2C559757575F6E4934F663366CCC856AD5A5578DBC0F4BEA7870F1F7E4E671CCD93E0B1C1C9DDA38F3EFAF8C30F3F7CD805175C90EDB3CF3E9BF57983070FCEFAF7EFDF6DF4E8D1FF75D6596755DC7AEBAD37A86500005A48EE4E4AC9DDD894DC951512BB186C38FEF8E3F3D962CD6DB7DD7679D979E79DB3238F3C324FF67EFFFBDF6793264DCAEAEAEA6293ED537CFBAB94E455A624AF530D365845930D12237713274E3CEC3BDFF9CE66277705BBEDB65B76E59557764B8D75746A5C23D5320000EB48EE62E4EEBE9490E5C95D246D575F7D752CB0B2CEE46E5D62642FB68FF7C59A1105E9336FE96C71A8048FF715E7DC4D9A34E953E79D77DE0637A20D159F77C925976CDFA54B979FA4C6D55F6D03005010E7DC959595FDAC90DCEDBBEFBED9E5975FFE9E246D63C4FBE2FD071C704071927763678A432578AC57AC963979F2E41BE39CBBD61AB96B2E46F2860E1D5A515A5AFA4B350E004053B2525A7A6BE19CBB18B9FBC637BE919F63B73962EAE6D7BFFEF5E22431A66BDE22C1639B70DF7DF78D894B1DC439736DE984134EE8D6B367CF3D4CD5040020C4A5105272F7AF713FCEB98BA46C7393BBE2242F66A7152D1838B0B3C4A1123C5A14A377B367CFFE8FB81442972E5DDAFCDF1B356AD40EA5A5A5E7AA79D625FD0E2F8D8E7ED0A041168702F41BB06DB4C1A6B8301654D9D469992D89CF3BE9A4938A63DF51123C3AB559B3667DFECD37DF2C8F4B1BB487030F3CB06B4545C51E31D75AEDB30EDF4D1DEFBD3BEDB453CDD0A143C7A71DC6A74F3BEDB4ED3BD2171C3F7E7C3667CE9C0DDEFEF1C71FCF264F9EFC9EE7EAEBEBD7DAEE0F7FF843B67AF5EA8DFE3EB7DE7A6BB672E5CAF7DDE6F9E79FCFEF3FF3CC334DCF6FCCFF033A7ABFD1AF5FBFC5A9DF18DB91FA8D975F7E394BFBD8F7F41F2FBEF8E23AB79D3F7F7EF6F7BFFF7DADE7A35F78EBADB736FADF5E5FBFA0DFA08DF6DD4B527C377163DAE08811237649379F8AFB851533DBC2A73FFDE9E2818C819D210E95E0D1A2A79F7EFAF4962E62DE560E38E080F9E96688DAA725252525DBA5322CED3026A5DFE6EBA9231E173B8C2F7CE10B955BFABB8D1B372E7BEDB5D75A7CFDC1071FCC93B54289E42E92BCC2E39FFFFCE7D9902143D60AAEE2F18D37DE98DF8FCF8FCF89E02A82A98B2FBEB829486CFE6F77EFDE7DADA0B0F936B366CD6A3A227AFEF9E737FDDB679E79E63A934DD84A754FFDC688A27EE38E2DDD6FECB1C71ED919679C912D5BB62C7FFCA73FFD29DB6BAFBDD6B9EDD8B163B3575E79256F93BFFAD5AF9AFA9268A7F7DE7B6FD3760B172ECC3F27CA030F3C90DD7EFBEDD9D7BEF6B57CDB9FFCE427B12276DE4F5D7BEDB52DF609FA0DDA68DFDD2DDD7CB6B10DCE4BEDEFAEF76B83AB57AF3EB5B0B04AC4A3BD7BF76E93EF16AB6B1E72C821C54F6DF571A8290BB468DEBC7903060D1AD4AEFFE611471CD1EB6F7FFBDBD1E9EE35FE026C80AA544E4F3B80D36B9314B4DD9D7622BF49BFDD07A64E9DBABABDBFCC3FFFF9CFFC3A3B2D39E18413F240E9A5975E8A93C6B3CACA35FBB5EDB7DF3EBF26CF7EFBED977DE52B5F69DA3E2ECCBAC30E3BE42B864579F8E187F3E7DF78E38DFC82AE1FF8C007B2050B16643BEEB863FEFC840913B28F7EF4A3F9678748FC7AF6EC990777E1D1471FCDDFF3CD6F7E333FF29FAA2CBF8D5183080C3FF4A10F655DBB76CDB78DE0ADF039D009FB8D3352BF7146F41B1168A6C7F7B667BF11ED2DDA762444D10F44DBBCE28A2BB2B973E766555555799F507C80277DB7BCDD461F90BE6F565E5E9E1FE0E9D3A74F76F6D967376D1BEDBB7FFFFE7972F7B9CF7D2E3F57E989279EC84728E2DFFCC4273E916F57E813F41B6C21B1A0C969E9F6B4F47B7A37FDA6E328C59DCDDB60DA9F1F5DB87FF8E187B7E9178ACF4FF167E1E1561F874AF06851DAD16C172B5CB6A73DF7DC73BB743340EDB3092A0B41DB4E3BEDB434257B53D2CEE1968A8A8AA9B7DD765B6D7B7C81087ADE7EFBEDF56E5338327EECB1C766AFBFFE7A7E7FC08001D99FFFFCE73CF93BFAE8A3DFB3C389A3EE711E6C04835FFDEA57B32953A664BFFCE59A056763F4EFF39FFFFC5A4964417C5E045C85A5A023498C518310415A248A71B43D3E3B9E8FCF8DEF5F7CCEED673FFBD96CCC9831F936D019FB8DD4679C996ECFECD7AF5F4C219B9CFA8D316DDD6FC4B4C6B8E0F271C71D97276DD10E9F7DF6D9EC91471EC94712860E1DDAB46DFA1ED9A5975E9AB7CD9B6FBE393BF8E083B3F4FDB2B82E6DB4F7E87722E12B885506A30DC7369178458218C95A7C7E21115BD7C127FD065B48456A83C3D2EDB0D40697A564EF4FE9FE8DD106D3EF6D40517CD8A65F62F7DD772F7EB8D5C7A1123C5AB464C992F218B66E4FAB56ADEA9B1AFAEAB493BDDC5F804D9502B458622BA6827C360292F47B7A7153CE53D91811441D7AE8A1D16EDE77DBE79E7B2E3F6A5F3887258E9647F075E08107AEB56D8CEA3DFDF4D3D9D2A54BF3E0AEF81C97575F7DF53D81601C61FFFEF7BFDF34D5243E3F8EF04722595D5D9D7FB70B2FBC307F2D4608A244C017D35E629B08D21E7BECB1AC7060273EEB924B2E69F5202D461D67CC989169E7743031B23724F51B43DABADF88846CFFFDF7CF47D68AC58858F1F56663F42D92B36883D1367FFAD39F66EFBEFB6E76C30D3764D75D775D9E689D7BEEB9D931C71C93F705F13812BEB42FCD47FDE23CBF68E38511BCD82E148FE0E937E8406264EFE4747B72B4C1A469BE6F5BC7A3CD3EBF8F048F4E2B1A57610A597B899D590ACEE377F9BFFD0568457BC574C798B2D456E29C9798E614C1554C712A4C9B6C2EDA548CD8351747CCE3C878C18A152BB2D9B367671FF9C847F2C7F199713EEC534F3D95076A21A64D4570551C48C5B4A908AE42047831521801D9B469D3F273788AC567C6F6BFFEF5AFB3912347E69F73F2C92737BDF7A69B6ECA97916E6D110C46D2AA9DB3ADF61B29886DF1B5E273D83EF6B18FE55328A37F39FDF4D3F3055522D1B9ECB2CB9AB689761AD7058B042FA647C6B9BDD1AE77D965973C68DD90113CFD061D54D37CDFD6BA34424B9AFD662BB7F68A93E0D1A28A8A8A8694E495B4679277F8E1872FB8E79E7B7AA524EF7BFE0234B3213BF5FA1438D5371E2468921EBF74E8A187B6E9FC8E3FFEF18FF9B931FDFAF5CB174B290EC08A151FB12F2C4C10CF450017C1D19D77DE99076AB1B38911BD585C2102B51041DAA851A39A46092308FBE10F7FD874743D448259383A1F0962045FD186E3FE073FF8C1A6ED22708B402C5E8FC0B1794016DBB64590163EF9C94FE641630AD6AEF0B3A603F41B75A9DF6868CF7E237D769EAC455B8D11B318A90F91BC351FC99F3973669E98455B8D3E231641894556E27EB4ED98D6599C84C692EFF1D9471D75549EA4C579C1C52378112817AFDEA9DFA003B4C138E2114736CA9AB593D8A7E7495ECC6269CB242F0EAA16A9DDDA2B5D82478BAAAAAA56A51D43D70858DB4B972E5D16A5065D3B61C284CBFD0528366CD8B0967612B153A88B9F4F2AA5E9F7539A76088BD3EDC3A98CABA8A8F8439C4BF3A52F7DA9A1ADBE5B8CA2C554A8C214A708A45E78E1856C9F7DF669DA26A6561602B582986E14E2B9782D3E27164188E0AC304D2B56AB3BEBACB3F2FB77DF7DF77BA66F857FFCE31FF911FFC2C20631F5AB9044161F898F527C247EE0C081798915F6D6A7F8BBB49698FE157575D1451769E76C917E234E0588BE23F511D120CB22E16ACF7E63EFBDF7CE6F2351AAA9A9C913A9982A79D86187E57D4753E796DA761CC089767CDA69A7359D17176205CE5851B3F934CFE2F7C639BFF1DE48060B5337636A77F451850347FA0DB6D0BE3BDA5C5D6A6F91D495443B6CDE066B6B6B674573896DE340455B2678CD16485B20C1A3D3EAD5ABD79CD4B1EFDD9E095E0A665F6C0CD6617DE237B22A5B338DA2B4B1C45AE37108FACE6EDDBA3D9C82B3C5EDF5656201841FFCE0074D8FBFFDED6F67A79C724A76FFFDF7374DD5DC75D75DF3120B2A44E013815D61E9F198DA19415EAC465798EA14D6B71A5DBCF72F7FF9CB5AD7CD8A9180751D898F0434164B783F71643FCEBB298829A1C50B30C0566C6563DFD1AD68B4AEDDFB8DC2A22A914845D21523F631721F62342F12B058A0E4965B6EC9FB8018DD8FDBD83656B42C5E8869ADFF60E374CC18698BF7C4AC8248F262742256F98DFE2092B6E6E733E937682F29897B37B5BF8AB8DF98DCB5D806537238B390E0C5EAD3AD7D91F362C5BFDF64A6048F4EABAAAAEAD1D4D1EF1DCBB1B797C71F7F3C8E963EAAF6791F658D25760CF7A4F2FB148C3CD05EAB6516BBEAAAABF223E9C5D7AF8AA4EEBBDFFD6E7EFE4CAC741747DE0BCB9EC791F1C2885B0451B1F25C247E318AB7AEEB47C5D1F342E0557C8E5E1C7D8FD7624183E2443046010A8A8FC43717A385CB972FCF1A4F64CFFFED18459C38716276CE39E7E4D3610A89648C3436BB46106C8DBA1625755BA4DF88E9D5D12744A216495D246DA1B05852B4BF1FFFF8C7F954CD10A379A3478FCEA77E7FFCE31F6F71B42E46FA63742FDA6D247285E4301C79E4914DFD47CC1088737763FB62FA0DDA4B6372B7416D3025838FA6EDF36BD2C5F9B0EB3BB8B1B9E2F38B6CF571A8048F16D5D4D45C9D02C82FD6D5D595B6D3C5CE6BD3CEAC7FBA3D57EDD39298C2916EA6A6E0E5F6C6A5CC176F89EF1147ACE3320511D444C0D45C0448B17C785C5727A645158B0B1B474014D7BD8AA5D2C3BA46CA23788A736B0A415DF311BDE2D1BE75897F3756B95BD711F8C2AA7C11401602B918852C1C758FEBF1C5F78FA5D6DBF2A8296C4BFD465CE3EEAF7FFD6B7E3FA63AC639B4850B95477B8FD1FC70DE79E7E5B731CD3B6608142E5310172A8FE994D11744DF5038F81349D74E3BED941F5C2A246B310D33CED52B4C958CE96D31B2D6B87FCF57EF8D834BFA0D3A6A1B4CBFF5FB520CFAE3B81B971659B468519B5CEC3CA6674E9F3E3D06184A1A9FBA67AB4FA4FDE4589F0B2EB8E0BF478C18B1577B1C859B3C79F2B8B463D86DC284099F54F334376CD8B04B4B4A4AAAD38EE19E4D39E23E65CA94865874A023293E776E6334BFEE554B62BA564BABE66D6971DDBFE38E3BCE3E08FD4607A3DFA023B5C1E1C3874F49C9E1B1713F16104A3169AB7FC758A9364EA96834AD33C4A146F058AF9A9A9A8B7F9D1C74D041E56D3C8AB7F8F6DB6FFF68EA04AE55EBB4D0015FD5D9FE4F9B92DCE51D77F98675DD1D354803FD46C7A5DFA083B5C11B52C913BC499326E5ABC3B6E6E8709CF3FABBDFFDAE69F42EC5A137758AF8C24F8FF5193366CCDDCB962D7B3E1A555BBAE69A6B26D6D7D72F9F376FDE04B50E00C0F8F1E3EF4B3753E37E5D5D5D76DD75D7359DEBB9B962F1A1EBAFBFBE2EC59F8551E1699D250E95E0F1BE6A6A6A4EBEF7DE7BDF295EBAB935CD9A35EBB7D3A74F3FB1A4A4E4CB53A74E5DADC6010068F4C5ACF1D20573E7CECD7EF4A31F6D769217C95D4A161B5E7FFDF5C2F4B4659D290E95E0F1BE264C9850BD72E5CA2FA706B522AE6DD39A52C3FACBE8D1A307A446F59FE3C78FFFBF6A1B0080E238B4A1A121561ECA93AFB8FEEBE5975F9E4FAFDC14F1BECB2EBBAC6ED6AC594DE773A638F49CCE14874AF0D82063C78E1DB76CD9B2F32EBDF4D265AD3592172377175E78E187EBEAEA6E4C8D6AAC5A0600A0B93BEFBC33A64E7EB990E4C548DEC5175F9C8D1B37AEF945CA5B14DBC5822ADFFAD6B78A47EE6285CF8B3B5B1C6A911536586A44BF183A74E88A2BAFBCF2A6214386949D74D249DD3771E195C5D75E7BED7D4F3DF554ACFD7E716AB4B7A95D00005A9292B3DB521C1A2B71DE585252D22BCEC97BE08107F2C5570E3AE8A0ECF0C30FCFF6DC73CFAC57AF5EF96541621A6624757111F3E9D3A747A97FF7DD776370AB307217D7E33BAF33C6A1123C364A1C4119366CD81377DD75D798D4A0FE65D4A85155071F7C70B70D7C7BED942953EEBBE38E3BF65EBD7AF5DEA9717ECAB44C000036260E4D31E42D85CB2744A23763C68CBCBC8FE2998BD3E29CBBCE1A874AF0D86831173ADDFC6B6A6043AEB9E69A73BA76ED7A40FFFEFDDF1A3870E0F67BECB147D7DEBD7BF7ABACACCCDE79E79D37162F5E5CF3DC73CFBD306DDAB4B2175E7861DFD4087749EFBD61FEFCF9632DA80200C026C4A1C7451C9A92B45129D11BB41139CDB454C674F6385482C7E634B07BD2CD3D23468CD8E599679E193273E6CC4FA4C787A612C3E795A9F44C65552A717D913FA6724E63A3040080568943EBEBEB87A444AF1087F66B8C43231E8DD53767A6F2686CBBADC4A1123C36DBB871E35E4B37D73516000010876E2156D104000090E0010000B4ABA1A9EC56F4386624FE7003DEF7876D25F791E00100005B8B4FA6F24AD1E3582C65BBC6FB5D1B6FE31CBCFFD1980816CACA543E5CF4F87BA9ECD0192BC839780000C0D660402ABF4CE5238D25D4A7B27B2A27A472582A3F4BE5AD54A637267E2B1AB75B5E9418EE94CAB73B6B2549F00000808E2E46E70E4E655CB6664AE6D5A9BCD1F85A24770F369662BF4BE5478DF7776EDC2E7C2195618DC9A1040F0000A09D5536266917A732319585D99AF3F196666B46E94E4DA5472ABF2A7ACF9B4549DF1945F70FE8ACC99D040F0000D81A2C49E517A91C94CA63D99A11BD498DCF1712B7BECDDEB363B666D42EDEB36B2A5FCCD68CFA7DBC335794040F0000D81A8C4DE5DE544E4EE5E154FE3395BF36BE16237C31327745D1F6313DF3A96CCD48DF9C6CCD422B0F16BD4782070000B0850CCED6AC9A19394CFF54E665FF7FF46EFB54BA37DBFE4FA95C9FCA05A9FC3495C9A98C4EE572091E0000C096F381C6442DA664C60A993182F7EFA91CDBF87A65B3ED63BAE659A97C2B95B71B9F8BD5356FCED64CED8CE4EFD6C6245182070000D08E6251953B5379B6E8B9D71A13BD1023788715258331C27775D1B62B1B6F5F4AE5C46CCD7979F33A6345B9D0390000B03578B6D9E35F16DD5F96CA2345C9E063CDB6FD62D1FD5875B3D39E8727C10300003ABBFA6DE53F2AC103000090E0016C459D5D6969437D7DBD8AE800D2DFE1956CCD2A68A0DF40BF01123C808D575959F9E6D2A54B554407F0F6DB6FCF4E3733D504FA0DF41B20C103D8245DBA7499565353A3223A80F9F3E7C712D753D504FA0DF41B20C103D824B5B5B53F9C376FDEAA86860695B165552F5AB42896A69EA82AD06FA0DF00091EC02639EAA8A39E4C41DAB373E7CE55195BD0ECD9B3A7A4BFC3DCE38E3BEE09B5817E03FD0648F00036596D6DEDC8EAEAEA154B962C51195BC0E2C58BEF5FB468D1BFD5D7D79FAF36D06FA0DF80B651A60A806DC5D8B163179C71C6194F2E5CB8F0949E3D7B56565454A894760CD266CD9A75404949C9FF3CFEF8E3A7A911F41BE837408207B0D9EEB8E38E97468E1CF9F737DE78E3D414342CAFAAAAEA966E554CDBA99E3D7BF6DDD5D5D5C7449076ECB1C73EA04AD06FA0DF80B6A37702B6490F3DF450FFD2D2D2EBCBCBCB0FEEDBB7EF6B7DFAF4F960CF9E3DFBA5E754CE668AEB55C592E6B1EA5D2C8C10E7CEC4F4AAC18307CF563BE837D06F80040FA0CD4C9E3C79404949C9E7D2DD41A91C9A4AA55AD96C7131E2B85ED5D454265A1801FD06FA0D0000000000000000000000000000000000000000000000000000000000000000000000000000000000000000000000000000000000000000000000000000000000000000000000000000000000000000000000000000000000000000000000000000000000000000000000000000000000000000000000000000000000000000000000000000000000000000000000000000000000000000000000000000000000000000000000000036C9FF03EF578ABB9B12731C0000000049454E44AE426082, NULL);
INSERT INTO `act_ge_bytearray` VALUES ('7503', 1, '请假流程.bpmn20.xml', '7502', 0x3C3F786D6C2076657273696F6E3D22312E302220656E636F64696E673D225554462D38223F3E0A3C646566696E6974696F6E7320786D6C6E733D22687474703A2F2F7777772E6F6D672E6F72672F737065632F42504D4E2F32303130303532342F4D4F44454C2220786D6C6E733A7873693D22687474703A2F2F7777772E77332E6F72672F323030312F584D4C536368656D612D696E7374616E63652220786D6C6E733A7873643D22687474703A2F2F7777772E77332E6F72672F323030312F584D4C536368656D612220786D6C6E733A61637469766974693D22687474703A2F2F61637469766974692E6F72672F62706D6E2220786D6C6E733A62706D6E64693D22687474703A2F2F7777772E6F6D672E6F72672F737065632F42504D4E2F32303130303532342F44492220786D6C6E733A6F6D6764633D22687474703A2F2F7777772E6F6D672E6F72672F737065632F44442F32303130303532342F44432220786D6C6E733A6F6D6764693D22687474703A2F2F7777772E6F6D672E6F72672F737065632F44442F32303130303532342F44492220747970654C616E67756167653D22687474703A2F2F7777772E77332E6F72672F323030312F584D4C536368656D61222065787072657373696F6E4C616E67756167653D22687474703A2F2F7777772E77332E6F72672F313939392F585061746822207461726765744E616D6573706163653D22687474703A2F2F7777772E61637469766974692E6F72672F70726F63657373646566223E0A20203C70726F636573732069643D2270726F6365737322206E616D653D22E8AFB7E58187E6B581E7A88B2220697345786563757461626C653D2274727565223E0A202020203C73746172744576656E742069643D227374617274223E0A2020202020203C657874656E73696F6E456C656D656E74733E0A20202020202020203C61637469766974693A666F726D50726F70657274792069643D226E616D6522206E616D653D22E8AFB7E58187E4BABA2220747970653D22737472696E67223E3C2F61637469766974693A666F726D50726F70657274793E0A20202020202020203C61637469766974693A666F726D50726F70657274792069643D226E756D22206E616D653D22E8AFB7E58187E5A4A9E695B02220747970653D226C6F6E67223E3C2F61637469766974693A666F726D50726F70657274793E0A2020202020203C2F657874656E73696F6E456C656D656E74733E0A202020203C2F73746172744576656E743E0A202020203C757365725461736B2069643D227369642D33373931414338352D414332422D344639462D384336332D36393435424244364344443922206E616D653D22E4BABAE4BA8BE983A8E5AEA1E689B9222061637469766974693A61737369676E65653D227A68616E6773616E223E0A2020202020203C657874656E73696F6E456C656D656E74733E0A20202020202020203C61637469766974693A666F726D50726F70657274792069643D2273686922206E616D653D22E698AFE590A6E5908CE6848F2220747970653D22626F6F6C65616E223E3C2F61637469766974693A666F726D50726F70657274793E0A20202020202020203C61637469766974693A666F726D50726F70657274792069643D2262656922206E616D653D22E5A487E6B3A82220747970653D22737472696E67223E3C2F61637469766974693A666F726D50726F70657274793E0A2020202020203C2F657874656E73696F6E456C656D656E74733E0A202020203C2F757365725461736B3E0A202020203C73657175656E6365466C6F772069643D227369642D41363732364636392D414545362D343441362D423233462D3743423344323534433438432220736F757263655265663D22737461727422207461726765745265663D227369642D33373931414338352D414332422D344639462D384336332D363934354242443643444439223E3C2F73657175656E6365466C6F773E0A202020203C757365725461736B2069643D227369642D46463546374533322D464536442D343044432D393046432D39393136304437323945414222206E616D653D22E680BBE7BB8FE79086E5AEA1E689B9222061637469766974693A61737369676E65653D226C697369223E0A2020202020203C657874656E73696F6E456C656D656E74733E0A20202020202020203C61637469766974693A666F726D50726F70657274792069643D22697322206E616D653D22E698AFE590A6E5908CE6848F2220747970653D22626F6F6C65616E223E3C2F61637469766974693A666F726D50726F70657274793E0A20202020202020203C61637469766974693A666F726D50726F70657274792069643D226265697A687522206E616D653D22E5A487E6B3A82220747970653D22737472696E67223E3C2F61637469766974693A666F726D50726F70657274793E0A2020202020203C2F657874656E73696F6E456C656D656E74733E0A202020203C2F757365725461736B3E0A202020203C73657175656E6365466C6F772069643D227369642D37384139434232442D323230362D343738332D424335462D3546464538324639454332412220736F757263655265663D227369642D33373931414338352D414332422D344639462D384336332D36393435424244364344443922207461726765745265663D227369642D46463546374533322D464536442D343044432D393046432D393931363044373239454142223E3C2F73657175656E6365466C6F773E0A202020203C656E644576656E742069643D227369642D37343534343633432D374244382D344242322D384534432D41354333333841413244363422206E616D653D22E7BB93E69D9F223E3C2F656E644576656E743E0A202020203C73657175656E6365466C6F772069643D227369642D42433839353437452D393530362D344435362D413931452D3839333632444143383131442220736F757263655265663D227369642D46463546374533322D464536442D343044432D393046432D39393136304437323945414222207461726765745265663D227369642D37343534343633432D374244382D344242322D384534432D413543333338414132443634223E3C2F73657175656E6365466C6F773E0A20203C2F70726F636573733E0A20203C62706D6E64693A42504D4E4469616772616D2069643D2242504D4E4469616772616D5F70726F63657373223E0A202020203C62706D6E64693A42504D4E506C616E652062706D6E456C656D656E743D2270726F63657373222069643D2242504D4E506C616E655F70726F63657373223E0A2020202020203C62706D6E64693A42504D4E53686170652062706D6E456C656D656E743D227374617274222069643D2242504D4E53686170655F7374617274223E0A20202020202020203C6F6D6764633A426F756E6473206865696768743D2233302E30222077696474683D2233302E302220783D223133352E302220793D223236352E30223E3C2F6F6D6764633A426F756E64733E0A2020202020203C2F62706D6E64693A42504D4E53686170653E0A2020202020203C62706D6E64693A42504D4E53686170652062706D6E456C656D656E743D227369642D33373931414338352D414332422D344639462D384336332D363934354242443643444439222069643D2242504D4E53686170655F7369642D33373931414338352D414332422D344639462D384336332D363934354242443643444439223E0A20202020202020203C6F6D6764633A426F756E6473206865696768743D2238302E30222077696474683D223130302E302220783D223331352E302220793D223234302E30223E3C2F6F6D6764633A426F756E64733E0A2020202020203C2F62706D6E64693A42504D4E53686170653E0A2020202020203C62706D6E64693A42504D4E53686170652062706D6E456C656D656E743D227369642D46463546374533322D464536442D343044432D393046432D393931363044373239454142222069643D2242504D4E53686170655F7369642D46463546374533322D464536442D343044432D393046432D393931363044373239454142223E0A20202020202020203C6F6D6764633A426F756E6473206865696768743D2238302E30222077696474683D223130302E302220783D223538352E302220793D223234302E30223E3C2F6F6D6764633A426F756E64733E0A2020202020203C2F62706D6E64693A42504D4E53686170653E0A2020202020203C62706D6E64693A42504D4E53686170652062706D6E456C656D656E743D227369642D37343534343633432D374244382D344242322D384534432D413543333338414132443634222069643D2242504D4E53686170655F7369642D37343534343633432D374244382D344242322D384534432D413543333338414132443634223E0A20202020202020203C6F6D6764633A426F756E6473206865696768743D2232382E30222077696474683D2232382E302220783D223831302E302220793D223236362E30223E3C2F6F6D6764633A426F756E64733E0A2020202020203C2F62706D6E64693A42504D4E53686170653E0A2020202020203C62706D6E64693A42504D4E456467652062706D6E456C656D656E743D227369642D37384139434232442D323230362D343738332D424335462D354646453832463945433241222069643D2242504D4E456467655F7369642D37384139434232442D323230362D343738332D424335462D354646453832463945433241223E0A20202020202020203C6F6D6764693A776179706F696E7420783D223431352E302220793D223238302E30223E3C2F6F6D6764693A776179706F696E743E0A20202020202020203C6F6D6764693A776179706F696E7420783D223538352E302220793D223238302E30223E3C2F6F6D6764693A776179706F696E743E0A2020202020203C2F62706D6E64693A42504D4E456467653E0A2020202020203C62706D6E64693A42504D4E456467652062706D6E456C656D656E743D227369642D42433839353437452D393530362D344435362D413931452D383933363244414338313144222069643D2242504D4E456467655F7369642D42433839353437452D393530362D344435362D413931452D383933363244414338313144223E0A20202020202020203C6F6D6764693A776179706F696E7420783D223638352E302220793D223238302E30223E3C2F6F6D6764693A776179706F696E743E0A20202020202020203C6F6D6764693A776179706F696E7420783D223831302E302220793D223238302E30223E3C2F6F6D6764693A776179706F696E743E0A2020202020203C2F62706D6E64693A42504D4E456467653E0A2020202020203C62706D6E64693A42504D4E456467652062706D6E456C656D656E743D227369642D41363732364636392D414545362D343441362D423233462D374342334432353443343843222069643D2242504D4E456467655F7369642D41363732364636392D414545362D343441362D423233462D374342334432353443343843223E0A20202020202020203C6F6D6764693A776179706F696E7420783D223136352E302220793D223238302E30223E3C2F6F6D6764693A776179706F696E743E0A20202020202020203C6F6D6764693A776179706F696E7420783D223331352E302220793D223238302E30223E3C2F6F6D6764693A776179706F696E743E0A2020202020203C2F62706D6E64693A42504D4E456467653E0A202020203C2F62706D6E64693A42504D4E506C616E653E0A20203C2F62706D6E64693A42504D4E4469616772616D3E0A3C2F646566696E6974696F6E733E, 0);
INSERT INTO `act_ge_bytearray` VALUES ('7504', 1, '请假流程.process.png', '7502', 0x89504E470D0A1A0A0000000D49484452000003500000014A080600000013C9BEE500000E584944415478DAEDDD5F6F54651E07702FBCD817E185C96EB2BE84BDD80B5F80C9EE8564B0334A5349475D402C9290555282128BC690B89B6C4C480CA69B6E420CB25D56A07F2C7F6D96854057422CBB88C2D05AB65BB1D2525B39FB3C4DC71C0BC5E974663A85CF27F9059C99023939F3F5FB9C73E6CC430F0100000000000000000000000000000000000000000000000000000000000000000000000000000000000000000000000000000000000000000000000000000000000000000000000000000000000000000000000000000000000000000000000000000000000000000000000000000000000000000000000000000000000000000000000000000000000000000000000000000000000000000000000000000000000000000000000000000000000000000000000000000000000000000000000000000000000000000000000000000000000000000000000000000000000000000000000000000000000000000000000000000000000000000000000000000000000000000000000000000000000000000000000000000000000000000000000000000000000000000000000000000000000000000000000000000000000000000000000000000000000000000000000000000000000000000000000000000000000000000000000000000000000000000000000000000000000000000000000000000000000000000000000000000000000000000000000000000000000000000000000000000000000000000000000000000000000000000000000000000000000000000000000000000000000000000000000000000000000000000000000000000000000000000000000000000000000000000000000000000000000000000000000000000000000000000000000000000000000000000000000000000000000000000000000000000000000000000000000000000000000000000000000000000000000000000000000000000000000000000000000000000000000000000000000000000000000000000000000000000000000000000000000000000000000000000000000000000000000000000000000000000000000000000000000000000000000000000000000000000000000000000000000000000000000000000000000000000000000000000000000000000000000000000000000000000000000000000000000000000000000000000000000000000000000000000000000000000000000000000000000000000000000000000050B224491EBE74E9D2DEFEFEFEEF7B7A7A92AEAE2E53E3E9EEEE4E8E1E3DFADF30397B2472C3C80D00A863B1041D3B762C19191949A6A6A6CC32CDF5EBD79323478EDC08A5E8497B2572C3C80D00A853F108B21254376568AAABABEB82BD12B961E40600D4A978F98D12523F138AD0B4BD12B961E40600D4A9782DBD0252574528B15722378CDC0080155E84BEFD7A28B974EABDE47CF7F6D989BF8F8F292F8A1072436EC80D00508452333E56483E3DB435397760F38F263E169F53601421E486DC901B00A008CDCD95F37FBDA30415E7EAF94E054611426EC80DB901008A50712E7CBC73C122149F53601421E486DC901B00A008CDCDA75DDB162C42F139054611426EC80DB901008A9022A40881DC901B00C0E28A50BC7BD64245283EA7C02842C80DB921370040119A9B8B27FEB860118ACF29308A1072436EC80D005084E666B430907C7AB8F5CECB70C263F139054611426EC80DB901008A506A3EFFE7FB7714A1F898F2A2082137E486DC000045283DB76E25174FFEE9CECB70C263F139054611426EC80DB901008A5098F1B1423278E20F0B7E96213E175FA3C42842C80DB9213700E0C12D42B76E2543177B937F1DFCFD8225A838F135F1B58E2A2B42C80DB9213700E0812B423F75F4D851654508B92137E4060028427353CAD1E37B1D5556681421E486DC901B00F0C014A1724B5071141A4508B92137E406003C3045C828422037E40600A00829422037E40600A00829422037E40600A008294220378CDC00EE7F4992FC6C606020BF67CF9E236D6D6D37366CD830DDD8D898AC5EBD3AC9E572B79F7FFEF9A9575E79E5D2CE9D3BDBC3FCD2164311328A1072C3C80D2A259BCD3E92C964D685EEB937CCC530E3B18786990CF379786E5FF8F5E5F83A5B8B655F387DF0C107EFBFF6DA6BD31B376E4CDE7DF7DDA4BFBF3F29140AC9E4E46412C55F47464692D3A74F27618195BCF8E28BB75F7AE9A5CBCDCDCD6B6D41142145C85E89DC307283723DF5D453BF0DD315666A6EC154CA7C1C5E9FB3F5A8B9B0506A7AFDF5D76F6DDEBC7976713433339394EAECD9B3C9962D5B66F2F9FC8555AB56FDC2D644115284406E18B941A9C222E8D1B0083AB88845D3DDE6981E4A4D84F5CFC3FBF7EFEF7DEEB9E792CECECE452D9CE63B78F060D2D4D434E16C148A90220472C3C80D4A91C96456373434FC2FBD18CA66B3C91B6FBC91F4F6F6265F7EF965F2CD37DFCC76CD9B376FCE5E1975E2C48964D7AE5DC9D34F3F3D7F1135EE6C14555F3CF5F5F5FD63FDFAF5C9E0E0605209972F5F4EC2626C62EDDAB5BFB38551841421901B466E708FC5D31361C133935E38B5B7B7CF7E5CA414636363B3AF8F3F975E48853FD3C17CAA239E798A8BA75277D252C53FAFB9B9D9110014214508E486911B2CB4785A9D5E3CB5B4B4CC9E6D2A47FCB9F83194798B283D94CA8A9F798A97ED55EACCD3DDCE443DF3CC336361E77DCCD646115284406E18B94151FCCC53FAB2BDD6D6D61F2ED32B57BCBC6FC78E1DF32FE7D343A98C78B7BDEDDBB74FC5CF3C55D381030726B2D9EC27B6388A90220472C3C80D8AC2E2A93B7DE669A98BA7F4226ADE99A863B63615B16FDFBE3FC79DEBBBEFBE4BAAED85175E18760A1545481102B961E40651BC5579FA334FE55EB677AFCBF9D29F89D24359B278F6297ECF53BC55792D9C3B776ECA592814214508E486911BCC2DA0BA8A8B9B7803886AE8E8E870168ACA191818C8C71B472CE576E58BD5D4D4341CAF75B5F5594CB886F9B522A40881DC901BDC3FEFC16C36FB48F1C611F12CD1E8E86855BA67BC3BDFBC5B9CEBA1946FCF9E3D4776EFDE9DD4D2AE5DBBCE861DF7655B9F52A54EBB776532995F29428A10C80DB9C1CA7F0F86C7D7155FF7E69B6F56BB7FA617507A28E56B6B6BBBD1DFDF5FD305D4C993272F871DB7D3D667B1219C9A8FEE76544B115284406EC80D56CE7B303CB6B7F87C5F5F5F55FB67FCB2DDD4BF450FA57C1B366C981E1A1AAAE9026A78787824ECB8576C7D9610C23F1CD54A87B122A40881DC901BAC9CF760F8EF8BC5C72B7DF388F90A8542FADFA18752BEC6C6C6647272B2A60BA8F8F7851D77D2D667A9219C3EAA152F0F50841421901B728395F31E0C3351FCEF4ADDBAFC5EB7344FFDDD7A284BDBB99743096F2A63163D8A507D8D7DD2C80D23374CA953EBFE691540D9D6AC5973BBD667A026262686ADFCA9D051AC53994CE689C71F7FFCE1F83A45C89164901B728395F31E0CBF1F77068A1567FDFAF553B5FE0CD4B56BD73E73ED294B0CE11F15A0A2E52E42E19F70D7A997E71521E486DC901BD4D37BD067A05891B66EDD7AB1D677E13B74E8D0DFDDFD843243F893F88DE5F30B503D15A17B3DB6DCCF2B42C80DB92137A8A7F7A0BBF0B122BDF5D65BBB6BFD3D50ADADAD07DC7F9F4586F05D8F1C2B428A10C80DB9C1CA7D0FFA1E2856A4575F7DF5E7EBD6ADFB7E6666A66637E16B6868F88F6F80A61A14214508E486DC60E5C866B38F844E381D1735E1F7C9E8E86855CAE7D8D85892CBE56EA716507A284BD3D2D2F2EFD3A74FD7EAF2BDF6B0D31EB3D551841421901B72436E10BF17AAB8B0696F6FAF4AFFECE8E8489F7DD24359BA679F7D76D5A64D9BA66B70166AACA1A1E14C78A3E46C7514214508E486DC901BC4CF47151737F12C54A56F2611FFBCD03F6FA7BEC8570FA532F2F9FC4067676755574FF1F35671D5FF53D7A38322A40881DC901B3C38423FFCB8B8C0696969A9D82DCDE3ADCB376DDA34933EFBA48752C91DF7D1A6A6A689C1C1C1AA2C9E060606F687BF6328ACFA1FB3B5B99F8BD0436E47AC082137E486DC60D13D34CCF5E242A7B5B575C98BA8B878DAB16347FA734FE37A281597CBE5B2F97CFEE6C8C84845174F57AF5E3DDED0D0F08553A6DCEF45C82842C80D2337284F2693595DBCA144F14C54B997F3C59F9B77E6C9A57B544F369B6D6A6E6E1EAFD499A878E6292E9EC29B628BAD8B22A40881DC3072838584854E637A11153F13156F2C11EFA257EADDF6E20D23D29F798AA38752932300B95CEEC6871F7EF8ED126E2C31F6F6DB6FBF172FDB8B6F065B1545481102B961E406A5F4D03063E905505C48C5EF898A5FB61BCF2E152FEF8B97E9150A85D92FC97DE79D7792356BD67C9FFEB978D99E1E4A2D8F003C1A56EF3DF97C7EF8CC9933138BF99EA7C3870F778405D8A9F8413DD79AA208294220378CDC60B13D347D7BF332470F65D976E027E342AAB1B171A4ADADEDFCF1E3C7BF082BFDA1C9C9C9D9D5D2C4C4C4F0B56BD73EEBEEEEFEDBB66DDB3ECA66B397E20E1B57FBEE728222A408D92B911B466EB0941E3AB7909A5ECCC2490FA52EC46F8A0E3BF0C6B043EE0DF37998C9B99D34FE7A254C6798977DB3338A905184901B466EA0870228424611426E18B901008A905184901B466E008022641421901B72030050841421901B72030050841421901B72030050841421901B466E008022641421E486911B00A008194508B961E406002842461102B9213700401152841421901B72030050841421901B72030050841421901B466E008022A4082942C80D2337004011328A1072C3C80D0050848C2284DC307203001421A30881DC901B008022A40881DC901B008022A40881DC901B008022A40881DC307203001421A30821378CDC000045C82842C80D233700E07ED3D3D3A380D4CF4C8622346DAF446E18B9010075EAE8D1A3432323234A481D4CA150F84B284217EC95C80D233700A04EF5F6F6FEA6AFAFEFEBAFBEFA6A421959BE23C8B1047577777F11E6497B2572C3C80D00A863E17FBE4F7475759D8A9781C46BE94DCD276EF70B4A1072C3C80D00000000000000000000000000000000000000000000000000000000008005FC1F8E161614A542647E0000000049454E44AE426082, 1);

-- ----------------------------
-- Table structure for act_ge_property
-- ----------------------------
DROP TABLE IF EXISTS `act_ge_property`;
CREATE TABLE `act_ge_property`  (
  `NAME_` varchar(64) CHARACTER SET utf8 COLLATE utf8_bin NOT NULL DEFAULT '',
  `VALUE_` varchar(300) CHARACTER SET utf8 COLLATE utf8_bin NULL DEFAULT NULL,
  `REV_` int(11) NULL DEFAULT NULL,
  PRIMARY KEY (`NAME_`) USING BTREE
) ENGINE = InnoDB CHARACTER SET = utf8 COLLATE = utf8_bin ROW_FORMAT = Compact;

-- ----------------------------
-- Records of act_ge_property
-- ----------------------------
INSERT INTO `act_ge_property` VALUES ('next.dbid', '17501', 8);
INSERT INTO `act_ge_property` VALUES ('schema.history', 'create(5.22.0.0)', 1);
INSERT INTO `act_ge_property` VALUES ('schema.version', '5.22.0.0', 1);

-- ----------------------------
-- Table structure for act_hi_actinst
-- ----------------------------
DROP TABLE IF EXISTS `act_hi_actinst`;
CREATE TABLE `act_hi_actinst`  (
  `ID_` varchar(64) CHARACTER SET utf8 COLLATE utf8_bin NOT NULL,
  `PROC_DEF_ID_` varchar(64) CHARACTER SET utf8 COLLATE utf8_bin NOT NULL,
  `PROC_INST_ID_` varchar(64) CHARACTER SET utf8 COLLATE utf8_bin NOT NULL,
  `EXECUTION_ID_` varchar(64) CHARACTER SET utf8 COLLATE utf8_bin NOT NULL,
  `ACT_ID_` varchar(255) CHARACTER SET utf8 COLLATE utf8_bin NOT NULL,
  `TASK_ID_` varchar(64) CHARACTER SET utf8 COLLATE utf8_bin NULL DEFAULT NULL,
  `CALL_PROC_INST_ID_` varchar(64) CHARACTER SET utf8 COLLATE utf8_bin NULL DEFAULT NULL,
  `ACT_NAME_` varchar(255) CHARACTER SET utf8 COLLATE utf8_bin NULL DEFAULT NULL,
  `ACT_TYPE_` varchar(255) CHARACTER SET utf8 COLLATE utf8_bin NOT NULL,
  `ASSIGNEE_` varchar(255) CHARACTER SET utf8 COLLATE utf8_bin NULL DEFAULT NULL,
  `START_TIME_` datetime(0) NOT NULL,
  `END_TIME_` datetime(0) NULL DEFAULT NULL,
  `DURATION_` bigint(20) NULL DEFAULT NULL,
  `TENANT_ID_` varchar(255) CHARACTER SET utf8 COLLATE utf8_bin NULL DEFAULT '',
  PRIMARY KEY (`ID_`) USING BTREE,
  INDEX `ACT_IDX_HI_ACT_INST_START`(`START_TIME_`) USING BTREE,
  INDEX `ACT_IDX_HI_ACT_INST_END`(`END_TIME_`) USING BTREE,
  INDEX `ACT_IDX_HI_ACT_INST_PROCINST`(`PROC_INST_ID_`, `ACT_ID_`) USING BTREE,
  INDEX `ACT_IDX_HI_ACT_INST_EXEC`(`EXECUTION_ID_`, `ACT_ID_`) USING BTREE
) ENGINE = InnoDB CHARACTER SET = utf8 COLLATE = utf8_bin ROW_FORMAT = Compact;

-- ----------------------------
-- Records of act_hi_actinst
-- ----------------------------
INSERT INTO `act_hi_actinst` VALUES ('10002', 'process:1:7505', '10001', '10001', 'start', NULL, NULL, NULL, 'startEvent', NULL, '2019-09-07 13:20:03', '2019-09-07 13:20:03', 18, '');
INSERT INTO `act_hi_actinst` VALUES ('10005', 'process:1:7505', '10001', '10001', 'sid-3791AC85-AC2B-4F9F-8C63-6945BBD6CDD9', '10006', NULL, '人事部审批', 'userTask', 'zhangsan', '2019-09-07 13:20:03', NULL, NULL, '');
INSERT INTO `act_hi_actinst` VALUES ('10009', 'process:1:7505', '10008', '10008', 'start', NULL, NULL, NULL, 'startEvent', NULL, '2019-09-07 13:21:13', '2019-09-07 13:21:13', 7, '');
INSERT INTO `act_hi_actinst` VALUES ('10012', 'process:1:7505', '10008', '10008', 'sid-3791AC85-AC2B-4F9F-8C63-6945BBD6CDD9', '10013', NULL, '人事部审批', 'userTask', 'zhangsan', '2019-09-07 13:21:13', NULL, NULL, '');
INSERT INTO `act_hi_actinst` VALUES ('10016', 'process:1:7505', '10015', '10015', 'start', NULL, NULL, NULL, 'startEvent', NULL, '2019-09-07 13:25:01', '2019-09-07 13:25:01', 2, '');
INSERT INTO `act_hi_actinst` VALUES ('10020', 'process:1:7505', '10015', '10015', 'sid-3791AC85-AC2B-4F9F-8C63-6945BBD6CDD9', '10021', NULL, '人事部审批', 'userTask', 'zhangsan', '2019-09-07 13:25:01', NULL, NULL, '');
INSERT INTO `act_hi_actinst` VALUES ('12502', 'process:1:7505', '12501', '12501', 'start', NULL, NULL, NULL, 'startEvent', NULL, '2019-09-07 15:11:16', '2019-09-07 15:11:16', 22, '');
INSERT INTO `act_hi_actinst` VALUES ('12509', 'process:1:7505', '12501', '12501', 'sid-3791AC85-AC2B-4F9F-8C63-6945BBD6CDD9', '12510', NULL, '人事部审批', 'userTask', 'zhangsan', '2019-09-07 15:11:16', '2019-09-07 15:56:10', 2694370, '');
INSERT INTO `act_hi_actinst` VALUES ('15005', 'process:1:7505', '12501', '12501', 'sid-FF5F7E32-FE6D-40DC-90FC-99160D729EAB', '15006', NULL, '总经理审批', 'userTask', 'lisi', '2019-09-07 15:56:10', NULL, NULL, '');

-- ----------------------------
-- Table structure for act_hi_attachment
-- ----------------------------
DROP TABLE IF EXISTS `act_hi_attachment`;
CREATE TABLE `act_hi_attachment`  (
  `ID_` varchar(64) CHARACTER SET utf8 COLLATE utf8_bin NOT NULL,
  `REV_` int(11) NULL DEFAULT NULL,
  `USER_ID_` varchar(255) CHARACTER SET utf8 COLLATE utf8_bin NULL DEFAULT NULL,
  `NAME_` varchar(255) CHARACTER SET utf8 COLLATE utf8_bin NULL DEFAULT NULL,
  `DESCRIPTION_` varchar(4000) CHARACTER SET utf8 COLLATE utf8_bin NULL DEFAULT NULL,
  `TYPE_` varchar(255) CHARACTER SET utf8 COLLATE utf8_bin NULL DEFAULT NULL,
  `TASK_ID_` varchar(64) CHARACTER SET utf8 COLLATE utf8_bin NULL DEFAULT NULL,
  `PROC_INST_ID_` varchar(64) CHARACTER SET utf8 COLLATE utf8_bin NULL DEFAULT NULL,
  `URL_` varchar(4000) CHARACTER SET utf8 COLLATE utf8_bin NULL DEFAULT NULL,
  `CONTENT_ID_` varchar(64) CHARACTER SET utf8 COLLATE utf8_bin NULL DEFAULT NULL,
  `TIME_` datetime(0) NULL DEFAULT NULL,
  PRIMARY KEY (`ID_`) USING BTREE
) ENGINE = InnoDB CHARACTER SET = utf8 COLLATE = utf8_bin ROW_FORMAT = Compact;

-- ----------------------------
-- Table structure for act_hi_comment
-- ----------------------------
DROP TABLE IF EXISTS `act_hi_comment`;
CREATE TABLE `act_hi_comment`  (
  `ID_` varchar(64) CHARACTER SET utf8 COLLATE utf8_bin NOT NULL,
  `TYPE_` varchar(255) CHARACTER SET utf8 COLLATE utf8_bin NULL DEFAULT NULL,
  `TIME_` datetime(0) NOT NULL,
  `USER_ID_` varchar(255) CHARACTER SET utf8 COLLATE utf8_bin NULL DEFAULT NULL,
  `TASK_ID_` varchar(64) CHARACTER SET utf8 COLLATE utf8_bin NULL DEFAULT NULL,
  `PROC_INST_ID_` varchar(64) CHARACTER SET utf8 COLLATE utf8_bin NULL DEFAULT NULL,
  `ACTION_` varchar(255) CHARACTER SET utf8 COLLATE utf8_bin NULL DEFAULT NULL,
  `MESSAGE_` varchar(4000) CHARACTER SET utf8 COLLATE utf8_bin NULL DEFAULT NULL,
  `FULL_MSG_` longblob NULL,
  PRIMARY KEY (`ID_`) USING BTREE
) ENGINE = InnoDB CHARACTER SET = utf8 COLLATE = utf8_bin ROW_FORMAT = Compact;

-- ----------------------------
-- Table structure for act_hi_detail
-- ----------------------------
DROP TABLE IF EXISTS `act_hi_detail`;
CREATE TABLE `act_hi_detail`  (
  `ID_` varchar(64) CHARACTER SET utf8 COLLATE utf8_bin NOT NULL,
  `TYPE_` varchar(255) CHARACTER SET utf8 COLLATE utf8_bin NOT NULL,
  `PROC_INST_ID_` varchar(64) CHARACTER SET utf8 COLLATE utf8_bin NULL DEFAULT NULL,
  `EXECUTION_ID_` varchar(64) CHARACTER SET utf8 COLLATE utf8_bin NULL DEFAULT NULL,
  `TASK_ID_` varchar(64) CHARACTER SET utf8 COLLATE utf8_bin NULL DEFAULT NULL,
  `ACT_INST_ID_` varchar(64) CHARACTER SET utf8 COLLATE utf8_bin NULL DEFAULT NULL,
  `NAME_` varchar(255) CHARACTER SET utf8 COLLATE utf8_bin NOT NULL,
  `VAR_TYPE_` varchar(255) CHARACTER SET utf8 COLLATE utf8_bin NULL DEFAULT NULL,
  `REV_` int(11) NULL DEFAULT NULL,
  `TIME_` datetime(0) NOT NULL,
  `BYTEARRAY_ID_` varchar(64) CHARACTER SET utf8 COLLATE utf8_bin NULL DEFAULT NULL,
  `DOUBLE_` double NULL DEFAULT NULL,
  `LONG_` bigint(20) NULL DEFAULT NULL,
  `TEXT_` varchar(4000) CHARACTER SET utf8 COLLATE utf8_bin NULL DEFAULT NULL,
  `TEXT2_` varchar(4000) CHARACTER SET utf8 COLLATE utf8_bin NULL DEFAULT NULL,
  PRIMARY KEY (`ID_`) USING BTREE,
  INDEX `ACT_IDX_HI_DETAIL_PROC_INST`(`PROC_INST_ID_`) USING BTREE,
  INDEX `ACT_IDX_HI_DETAIL_ACT_INST`(`ACT_INST_ID_`) USING BTREE,
  INDEX `ACT_IDX_HI_DETAIL_TIME`(`TIME_`) USING BTREE,
  INDEX `ACT_IDX_HI_DETAIL_NAME`(`NAME_`) USING BTREE,
  INDEX `ACT_IDX_HI_DETAIL_TASK_ID`(`TASK_ID_`) USING BTREE
) ENGINE = InnoDB CHARACTER SET = utf8 COLLATE = utf8_bin ROW_FORMAT = Compact;

-- ----------------------------
-- Records of act_hi_detail
-- ----------------------------
INSERT INTO `act_hi_detail` VALUES ('12504', 'VariableUpdate', '12501', '12501', NULL, '12502', '请假人', 'string', 0, '2019-09-07 15:11:16', NULL, NULL, NULL, 'mmmmm', NULL);
INSERT INTO `act_hi_detail` VALUES ('12506', 'VariableUpdate', '12501', '12501', NULL, '12502', '请假天数', 'string', 0, '2019-09-07 15:11:16', NULL, NULL, NULL, '5', NULL);
INSERT INTO `act_hi_detail` VALUES ('12508', 'VariableUpdate', '12501', '12501', NULL, '12502', 'userId', 'string', 0, '2019-09-07 15:11:16', NULL, NULL, NULL, 'admin', NULL);
INSERT INTO `act_hi_detail` VALUES ('15002', 'VariableUpdate', '12501', '12501', NULL, '12509', '是否同意', 'string', 0, '2019-09-07 15:56:10', NULL, NULL, NULL, '是', NULL);
INSERT INTO `act_hi_detail` VALUES ('15004', 'VariableUpdate', '12501', '12501', NULL, '12509', '备注', 'string', 0, '2019-09-07 15:56:10', NULL, NULL, NULL, '同意', NULL);

-- ----------------------------
-- Table structure for act_hi_identitylink
-- ----------------------------
DROP TABLE IF EXISTS `act_hi_identitylink`;
CREATE TABLE `act_hi_identitylink`  (
  `ID_` varchar(64) CHARACTER SET utf8 COLLATE utf8_bin NOT NULL DEFAULT '',
  `GROUP_ID_` varchar(255) CHARACTER SET utf8 COLLATE utf8_bin NULL DEFAULT NULL,
  `TYPE_` varchar(255) CHARACTER SET utf8 COLLATE utf8_bin NULL DEFAULT NULL,
  `USER_ID_` varchar(255) CHARACTER SET utf8 COLLATE utf8_bin NULL DEFAULT NULL,
  `TASK_ID_` varchar(64) CHARACTER SET utf8 COLLATE utf8_bin NULL DEFAULT NULL,
  `PROC_INST_ID_` varchar(64) CHARACTER SET utf8 COLLATE utf8_bin NULL DEFAULT NULL,
  PRIMARY KEY (`ID_`) USING BTREE,
  INDEX `ACT_IDX_HI_IDENT_LNK_USER`(`USER_ID_`) USING BTREE,
  INDEX `ACT_IDX_HI_IDENT_LNK_TASK`(`TASK_ID_`) USING BTREE,
  INDEX `ACT_IDX_HI_IDENT_LNK_PROCINST`(`PROC_INST_ID_`) USING BTREE
) ENGINE = InnoDB CHARACTER SET = utf8 COLLATE = utf8_bin ROW_FORMAT = Compact;

-- ----------------------------
-- Records of act_hi_identitylink
-- ----------------------------
INSERT INTO `act_hi_identitylink` VALUES ('10007', NULL, 'participant', 'zhangsan', NULL, '10001');
INSERT INTO `act_hi_identitylink` VALUES ('10014', NULL, 'participant', 'zhangsan', NULL, '10008');
INSERT INTO `act_hi_identitylink` VALUES ('10022', NULL, 'participant', 'zhangsan', NULL, '10015');
INSERT INTO `act_hi_identitylink` VALUES ('12511', NULL, 'participant', 'zhangsan', NULL, '12501');
INSERT INTO `act_hi_identitylink` VALUES ('15007', NULL, 'participant', 'lisi', NULL, '12501');

-- ----------------------------
-- Table structure for act_hi_procinst
-- ----------------------------
DROP TABLE IF EXISTS `act_hi_procinst`;
CREATE TABLE `act_hi_procinst`  (
  `ID_` varchar(64) CHARACTER SET utf8 COLLATE utf8_bin NOT NULL,
  `PROC_INST_ID_` varchar(64) CHARACTER SET utf8 COLLATE utf8_bin NOT NULL,
  `BUSINESS_KEY_` varchar(255) CHARACTER SET utf8 COLLATE utf8_bin NULL DEFAULT NULL,
  `PROC_DEF_ID_` varchar(64) CHARACTER SET utf8 COLLATE utf8_bin NOT NULL,
  `START_TIME_` datetime(0) NOT NULL,
  `END_TIME_` datetime(0) NULL DEFAULT NULL,
  `DURATION_` bigint(20) NULL DEFAULT NULL,
  `START_USER_ID_` varchar(255) CHARACTER SET utf8 COLLATE utf8_bin NULL DEFAULT NULL,
  `START_ACT_ID_` varchar(255) CHARACTER SET utf8 COLLATE utf8_bin NULL DEFAULT NULL,
  `END_ACT_ID_` varchar(255) CHARACTER SET utf8 COLLATE utf8_bin NULL DEFAULT NULL,
  `SUPER_PROCESS_INSTANCE_ID_` varchar(64) CHARACTER SET utf8 COLLATE utf8_bin NULL DEFAULT NULL,
  `DELETE_REASON_` varchar(4000) CHARACTER SET utf8 COLLATE utf8_bin NULL DEFAULT NULL,
  `TENANT_ID_` varchar(255) CHARACTER SET utf8 COLLATE utf8_bin NULL DEFAULT '',
  `NAME_` varchar(255) CHARACTER SET utf8 COLLATE utf8_bin NULL DEFAULT NULL,
  PRIMARY KEY (`ID_`) USING BTREE,
  UNIQUE INDEX `PROC_INST_ID_`(`PROC_INST_ID_`) USING BTREE,
  INDEX `ACT_IDX_HI_PRO_INST_END`(`END_TIME_`) USING BTREE,
  INDEX `ACT_IDX_HI_PRO_I_BUSKEY`(`BUSINESS_KEY_`) USING BTREE
) ENGINE = InnoDB CHARACTER SET = utf8 COLLATE = utf8_bin ROW_FORMAT = Compact;

-- ----------------------------
-- Records of act_hi_procinst
-- ----------------------------
INSERT INTO `act_hi_procinst` VALUES ('10001', '10001', NULL, 'process:1:7505', '2019-09-07 13:20:03', NULL, NULL, NULL, 'start', NULL, NULL, NULL, '', NULL);
INSERT INTO `act_hi_procinst` VALUES ('10008', '10008', NULL, 'process:1:7505', '2019-09-07 13:21:13', NULL, NULL, NULL, 'start', NULL, NULL, NULL, '', NULL);
INSERT INTO `act_hi_procinst` VALUES ('10015', '10015', 'admin', 'process:1:7505', '2019-09-07 13:25:01', NULL, NULL, NULL, 'start', NULL, NULL, NULL, '', NULL);
INSERT INTO `act_hi_procinst` VALUES ('12501', '12501', 'admin', 'process:1:7505', '2019-09-07 15:11:16', NULL, NULL, NULL, 'start', NULL, NULL, NULL, '', NULL);

-- ----------------------------
-- Table structure for act_hi_taskinst
-- ----------------------------
DROP TABLE IF EXISTS `act_hi_taskinst`;
CREATE TABLE `act_hi_taskinst`  (
  `ID_` varchar(64) CHARACTER SET utf8 COLLATE utf8_bin NOT NULL,
  `PROC_DEF_ID_` varchar(64) CHARACTER SET utf8 COLLATE utf8_bin NULL DEFAULT NULL,
  `TASK_DEF_KEY_` varchar(255) CHARACTER SET utf8 COLLATE utf8_bin NULL DEFAULT NULL,
  `PROC_INST_ID_` varchar(64) CHARACTER SET utf8 COLLATE utf8_bin NULL DEFAULT NULL,
  `EXECUTION_ID_` varchar(64) CHARACTER SET utf8 COLLATE utf8_bin NULL DEFAULT NULL,
  `NAME_` varchar(255) CHARACTER SET utf8 COLLATE utf8_bin NULL DEFAULT NULL,
  `PARENT_TASK_ID_` varchar(64) CHARACTER SET utf8 COLLATE utf8_bin NULL DEFAULT NULL,
  `DESCRIPTION_` varchar(4000) CHARACTER SET utf8 COLLATE utf8_bin NULL DEFAULT NULL,
  `OWNER_` varchar(255) CHARACTER SET utf8 COLLATE utf8_bin NULL DEFAULT NULL,
  `ASSIGNEE_` varchar(255) CHARACTER SET utf8 COLLATE utf8_bin NULL DEFAULT NULL,
  `START_TIME_` datetime(0) NOT NULL,
  `CLAIM_TIME_` datetime(0) NULL DEFAULT NULL,
  `END_TIME_` datetime(0) NULL DEFAULT NULL,
  `DURATION_` bigint(20) NULL DEFAULT NULL,
  `DELETE_REASON_` varchar(4000) CHARACTER SET utf8 COLLATE utf8_bin NULL DEFAULT NULL,
  `PRIORITY_` int(11) NULL DEFAULT NULL,
  `DUE_DATE_` datetime(0) NULL DEFAULT NULL,
  `FORM_KEY_` varchar(255) CHARACTER SET utf8 COLLATE utf8_bin NULL DEFAULT NULL,
  `CATEGORY_` varchar(255) CHARACTER SET utf8 COLLATE utf8_bin NULL DEFAULT NULL,
  `TENANT_ID_` varchar(255) CHARACTER SET utf8 COLLATE utf8_bin NULL DEFAULT '',
  PRIMARY KEY (`ID_`) USING BTREE,
  INDEX `ACT_IDX_HI_TASK_INST_PROCINST`(`PROC_INST_ID_`) USING BTREE
) ENGINE = InnoDB CHARACTER SET = utf8 COLLATE = utf8_bin ROW_FORMAT = Compact;

-- ----------------------------
-- Records of act_hi_taskinst
-- ----------------------------
INSERT INTO `act_hi_taskinst` VALUES ('10006', 'process:1:7505', 'sid-3791AC85-AC2B-4F9F-8C63-6945BBD6CDD9', '10001', '10001', '人事部审批', NULL, NULL, NULL, 'zhangsan', '2019-09-07 13:20:03', NULL, NULL, NULL, NULL, 50, NULL, NULL, NULL, '');
INSERT INTO `act_hi_taskinst` VALUES ('10013', 'process:1:7505', 'sid-3791AC85-AC2B-4F9F-8C63-6945BBD6CDD9', '10008', '10008', '人事部审批', NULL, NULL, NULL, 'zhangsan', '2019-09-07 13:21:13', NULL, NULL, NULL, NULL, 50, NULL, NULL, NULL, '');
INSERT INTO `act_hi_taskinst` VALUES ('10021', 'process:1:7505', 'sid-3791AC85-AC2B-4F9F-8C63-6945BBD6CDD9', '10015', '10015', '人事部审批', NULL, NULL, NULL, 'zhangsan', '2019-09-07 13:25:01', NULL, NULL, NULL, NULL, 50, NULL, NULL, NULL, '');
INSERT INTO `act_hi_taskinst` VALUES ('12510', 'process:1:7505', 'sid-3791AC85-AC2B-4F9F-8C63-6945BBD6CDD9', '12501', '12501', '人事部审批', NULL, NULL, NULL, 'zhangsan', '2019-09-07 15:11:16', NULL, '2019-09-07 15:56:10', 2694301, 'completed', 50, NULL, NULL, NULL, '');
INSERT INTO `act_hi_taskinst` VALUES ('15006', 'process:1:7505', 'sid-FF5F7E32-FE6D-40DC-90FC-99160D729EAB', '12501', '12501', '总经理审批', NULL, NULL, NULL, 'lisi', '2019-09-07 15:56:10', NULL, NULL, NULL, NULL, 50, NULL, NULL, NULL, '');

-- ----------------------------
-- Table structure for act_hi_varinst
-- ----------------------------
DROP TABLE IF EXISTS `act_hi_varinst`;
CREATE TABLE `act_hi_varinst`  (
  `ID_` varchar(64) CHARACTER SET utf8 COLLATE utf8_bin NOT NULL,
  `PROC_INST_ID_` varchar(64) CHARACTER SET utf8 COLLATE utf8_bin NULL DEFAULT NULL,
  `EXECUTION_ID_` varchar(64) CHARACTER SET utf8 COLLATE utf8_bin NULL DEFAULT NULL,
  `TASK_ID_` varchar(64) CHARACTER SET utf8 COLLATE utf8_bin NULL DEFAULT NULL,
  `NAME_` varchar(255) CHARACTER SET utf8 COLLATE utf8_bin NOT NULL,
  `VAR_TYPE_` varchar(100) CHARACTER SET utf8 COLLATE utf8_bin NULL DEFAULT NULL,
  `REV_` int(11) NULL DEFAULT NULL,
  `BYTEARRAY_ID_` varchar(64) CHARACTER SET utf8 COLLATE utf8_bin NULL DEFAULT NULL,
  `DOUBLE_` double NULL DEFAULT NULL,
  `LONG_` bigint(20) NULL DEFAULT NULL,
  `TEXT_` varchar(4000) CHARACTER SET utf8 COLLATE utf8_bin NULL DEFAULT NULL,
  `TEXT2_` varchar(4000) CHARACTER SET utf8 COLLATE utf8_bin NULL DEFAULT NULL,
  `CREATE_TIME_` datetime(0) NULL DEFAULT NULL,
  `LAST_UPDATED_TIME_` datetime(0) NULL DEFAULT NULL,
  PRIMARY KEY (`ID_`) USING BTREE,
  INDEX `ACT_IDX_HI_PROCVAR_PROC_INST`(`PROC_INST_ID_`) USING BTREE,
  INDEX `ACT_IDX_HI_PROCVAR_NAME_TYPE`(`NAME_`, `VAR_TYPE_`) USING BTREE,
  INDEX `ACT_IDX_HI_PROCVAR_TASK_ID`(`TASK_ID_`) USING BTREE
) ENGINE = InnoDB CHARACTER SET = utf8 COLLATE = utf8_bin ROW_FORMAT = Compact;

-- ----------------------------
-- Records of act_hi_varinst
-- ----------------------------
INSERT INTO `act_hi_varinst` VALUES ('10003', '10001', '10001', NULL, '请假人', 'string', 0, NULL, NULL, NULL, '张三', NULL, '2019-09-07 13:20:03', '2019-09-07 13:20:03');
INSERT INTO `act_hi_varinst` VALUES ('10004', '10001', '10001', NULL, '请假天数', 'string', 0, NULL, NULL, NULL, '1', NULL, '2019-09-07 13:20:03', '2019-09-07 13:20:03');
INSERT INTO `act_hi_varinst` VALUES ('10010', '10008', '10008', NULL, '请假人', 'string', 0, NULL, NULL, NULL, '张三', NULL, '2019-09-07 13:21:13', '2019-09-07 13:21:13');
INSERT INTO `act_hi_varinst` VALUES ('10011', '10008', '10008', NULL, '请假天数', 'string', 0, NULL, NULL, NULL, '1', NULL, '2019-09-07 13:21:13', '2019-09-07 13:21:13');
INSERT INTO `act_hi_varinst` VALUES ('10017', '10015', '10015', NULL, '请假人', 'string', 0, NULL, NULL, NULL, '李四', NULL, '2019-09-07 13:25:01', '2019-09-07 13:25:01');
INSERT INTO `act_hi_varinst` VALUES ('10018', '10015', '10015', NULL, '请假天数', 'string', 0, NULL, NULL, NULL, '1', NULL, '2019-09-07 13:25:01', '2019-09-07 13:25:01');
INSERT INTO `act_hi_varinst` VALUES ('10019', '10015', '10015', NULL, 'userId', 'string', 0, NULL, NULL, NULL, 'admin', NULL, '2019-09-07 13:25:01', '2019-09-07 13:25:01');
INSERT INTO `act_hi_varinst` VALUES ('12503', '12501', '12501', NULL, '请假人', 'string', 0, NULL, NULL, NULL, 'mmmmm', NULL, '2019-09-07 15:11:16', '2019-09-07 15:11:16');
INSERT INTO `act_hi_varinst` VALUES ('12505', '12501', '12501', NULL, '请假天数', 'string', 0, NULL, NULL, NULL, '5', NULL, '2019-09-07 15:11:16', '2019-09-07 15:11:16');
INSERT INTO `act_hi_varinst` VALUES ('12507', '12501', '12501', NULL, 'userId', 'string', 0, NULL, NULL, NULL, 'admin', NULL, '2019-09-07 15:11:16', '2019-09-07 15:11:16');
INSERT INTO `act_hi_varinst` VALUES ('15001', '12501', '12501', NULL, '是否同意', 'string', 0, NULL, NULL, NULL, '是', NULL, '2019-09-07 15:56:10', '2019-09-07 15:56:10');
INSERT INTO `act_hi_varinst` VALUES ('15003', '12501', '12501', NULL, '备注', 'string', 0, NULL, NULL, NULL, '同意', NULL, '2019-09-07 15:56:10', '2019-09-07 15:56:10');

-- ----------------------------
-- Table structure for act_id_group
-- ----------------------------
DROP TABLE IF EXISTS `act_id_group`;
CREATE TABLE `act_id_group`  (
  `ID_` varchar(64) CHARACTER SET utf8 COLLATE utf8_bin NOT NULL DEFAULT '',
  `REV_` int(11) NULL DEFAULT NULL,
  `NAME_` varchar(255) CHARACTER SET utf8 COLLATE utf8_bin NULL DEFAULT NULL,
  `TYPE_` varchar(255) CHARACTER SET utf8 COLLATE utf8_bin NULL DEFAULT NULL,
  PRIMARY KEY (`ID_`) USING BTREE
) ENGINE = InnoDB CHARACTER SET = utf8 COLLATE = utf8_bin ROW_FORMAT = Compact;

-- ----------------------------
-- Table structure for act_id_info
-- ----------------------------
DROP TABLE IF EXISTS `act_id_info`;
CREATE TABLE `act_id_info`  (
  `ID_` varchar(64) CHARACTER SET utf8 COLLATE utf8_bin NOT NULL DEFAULT '',
  `REV_` int(11) NULL DEFAULT NULL,
  `USER_ID_` varchar(64) CHARACTER SET utf8 COLLATE utf8_bin NULL DEFAULT NULL,
  `TYPE_` varchar(64) CHARACTER SET utf8 COLLATE utf8_bin NULL DEFAULT NULL,
  `KEY_` varchar(255) CHARACTER SET utf8 COLLATE utf8_bin NULL DEFAULT NULL,
  `VALUE_` varchar(255) CHARACTER SET utf8 COLLATE utf8_bin NULL DEFAULT NULL,
  `PASSWORD_` longblob NULL,
  `PARENT_ID_` varchar(255) CHARACTER SET utf8 COLLATE utf8_bin NULL DEFAULT NULL,
  PRIMARY KEY (`ID_`) USING BTREE
) ENGINE = InnoDB CHARACTER SET = utf8 COLLATE = utf8_bin ROW_FORMAT = Compact;

-- ----------------------------
-- Table structure for act_id_membership
-- ----------------------------
DROP TABLE IF EXISTS `act_id_membership`;
CREATE TABLE `act_id_membership`  (
  `USER_ID_` varchar(64) CHARACTER SET utf8 COLLATE utf8_bin NOT NULL DEFAULT '',
  `GROUP_ID_` varchar(64) CHARACTER SET utf8 COLLATE utf8_bin NOT NULL DEFAULT '',
  PRIMARY KEY (`USER_ID_`, `GROUP_ID_`) USING BTREE,
  INDEX `ACT_FK_MEMB_GROUP`(`GROUP_ID_`) USING BTREE,
  CONSTRAINT `ACT_FK_MEMB_GROUP` FOREIGN KEY (`GROUP_ID_`) REFERENCES `act_id_group` (`id_`) ON DELETE RESTRICT ON UPDATE RESTRICT,
  CONSTRAINT `ACT_FK_MEMB_USER` FOREIGN KEY (`USER_ID_`) REFERENCES `act_id_user` (`id_`) ON DELETE RESTRICT ON UPDATE RESTRICT
) ENGINE = InnoDB CHARACTER SET = utf8 COLLATE = utf8_bin ROW_FORMAT = Compact;

-- ----------------------------
-- Table structure for act_id_user
-- ----------------------------
DROP TABLE IF EXISTS `act_id_user`;
CREATE TABLE `act_id_user`  (
  `ID_` varchar(64) CHARACTER SET utf8 COLLATE utf8_bin NOT NULL DEFAULT '',
  `REV_` int(11) NULL DEFAULT NULL,
  `FIRST_` varchar(255) CHARACTER SET utf8 COLLATE utf8_bin NULL DEFAULT NULL,
  `LAST_` varchar(255) CHARACTER SET utf8 COLLATE utf8_bin NULL DEFAULT NULL,
  `EMAIL_` varchar(255) CHARACTER SET utf8 COLLATE utf8_bin NULL DEFAULT NULL,
  `PWD_` varchar(255) CHARACTER SET utf8 COLLATE utf8_bin NULL DEFAULT NULL,
  `PICTURE_ID_` varchar(64) CHARACTER SET utf8 COLLATE utf8_bin NULL DEFAULT NULL,
  PRIMARY KEY (`ID_`) USING BTREE
) ENGINE = InnoDB CHARACTER SET = utf8 COLLATE = utf8_bin ROW_FORMAT = Compact;

-- ----------------------------
-- Table structure for act_procdef_info
-- ----------------------------
DROP TABLE IF EXISTS `act_procdef_info`;
CREATE TABLE `act_procdef_info`  (
  `ID_` varchar(64) CHARACTER SET utf8 COLLATE utf8_bin NOT NULL,
  `PROC_DEF_ID_` varchar(64) CHARACTER SET utf8 COLLATE utf8_bin NOT NULL,
  `REV_` int(11) NULL DEFAULT NULL,
  `INFO_JSON_ID_` varchar(64) CHARACTER SET utf8 COLLATE utf8_bin NULL DEFAULT NULL,
  PRIMARY KEY (`ID_`) USING BTREE,
  UNIQUE INDEX `ACT_UNIQ_INFO_PROCDEF`(`PROC_DEF_ID_`) USING BTREE,
  INDEX `ACT_IDX_INFO_PROCDEF`(`PROC_DEF_ID_`) USING BTREE,
  INDEX `ACT_FK_INFO_JSON_BA`(`INFO_JSON_ID_`) USING BTREE,
  CONSTRAINT `ACT_FK_INFO_JSON_BA` FOREIGN KEY (`INFO_JSON_ID_`) REFERENCES `act_ge_bytearray` (`id_`) ON DELETE RESTRICT ON UPDATE RESTRICT,
  CONSTRAINT `ACT_FK_INFO_PROCDEF` FOREIGN KEY (`PROC_DEF_ID_`) REFERENCES `act_re_procdef` (`id_`) ON DELETE RESTRICT ON UPDATE RESTRICT
) ENGINE = InnoDB CHARACTER SET = utf8 COLLATE = utf8_bin ROW_FORMAT = Compact;

-- ----------------------------
-- Table structure for act_re_deployment
-- ----------------------------
DROP TABLE IF EXISTS `act_re_deployment`;
CREATE TABLE `act_re_deployment`  (
  `ID_` varchar(64) CHARACTER SET utf8 COLLATE utf8_bin NOT NULL DEFAULT '',
  `NAME_` varchar(255) CHARACTER SET utf8 COLLATE utf8_bin NULL DEFAULT NULL,
  `CATEGORY_` varchar(255) CHARACTER SET utf8 COLLATE utf8_bin NULL DEFAULT NULL,
  `TENANT_ID_` varchar(255) CHARACTER SET utf8 COLLATE utf8_bin NULL DEFAULT '',
  `DEPLOY_TIME_` timestamp(0) NULL DEFAULT NULL,
  PRIMARY KEY (`ID_`) USING BTREE
) ENGINE = InnoDB CHARACTER SET = utf8 COLLATE = utf8_bin ROW_FORMAT = Compact;

-- ----------------------------
-- Records of act_re_deployment
-- ----------------------------
INSERT INTO `act_re_deployment` VALUES ('7502', '请假流程', NULL, '', '2019-08-03 16:34:31');

-- ----------------------------
-- Table structure for act_re_model
-- ----------------------------
DROP TABLE IF EXISTS `act_re_model`;
CREATE TABLE `act_re_model`  (
  `ID_` varchar(64) CHARACTER SET utf8 COLLATE utf8_bin NOT NULL,
  `REV_` int(11) NULL DEFAULT NULL,
  `NAME_` varchar(255) CHARACTER SET utf8 COLLATE utf8_bin NULL DEFAULT NULL,
  `KEY_` varchar(255) CHARACTER SET utf8 COLLATE utf8_bin NULL DEFAULT NULL,
  `CATEGORY_` varchar(255) CHARACTER SET utf8 COLLATE utf8_bin NULL DEFAULT NULL,
  `CREATE_TIME_` timestamp(0) NULL DEFAULT NULL,
  `LAST_UPDATE_TIME_` timestamp(0) NULL DEFAULT NULL,
  `VERSION_` int(11) NULL DEFAULT NULL,
  `META_INFO_` varchar(4000) CHARACTER SET utf8 COLLATE utf8_bin NULL DEFAULT NULL,
  `DEPLOYMENT_ID_` varchar(64) CHARACTER SET utf8 COLLATE utf8_bin NULL DEFAULT NULL,
  `EDITOR_SOURCE_VALUE_ID_` varchar(64) CHARACTER SET utf8 COLLATE utf8_bin NULL DEFAULT NULL,
  `EDITOR_SOURCE_EXTRA_VALUE_ID_` varchar(64) CHARACTER SET utf8 COLLATE utf8_bin NULL DEFAULT NULL,
  `TENANT_ID_` varchar(255) CHARACTER SET utf8 COLLATE utf8_bin NULL DEFAULT '',
  PRIMARY KEY (`ID_`) USING BTREE,
  INDEX `ACT_FK_MODEL_SOURCE`(`EDITOR_SOURCE_VALUE_ID_`) USING BTREE,
  INDEX `ACT_FK_MODEL_SOURCE_EXTRA`(`EDITOR_SOURCE_EXTRA_VALUE_ID_`) USING BTREE,
  INDEX `ACT_FK_MODEL_DEPLOYMENT`(`DEPLOYMENT_ID_`) USING BTREE,
  CONSTRAINT `ACT_FK_MODEL_DEPLOYMENT` FOREIGN KEY (`DEPLOYMENT_ID_`) REFERENCES `act_re_deployment` (`id_`) ON DELETE RESTRICT ON UPDATE RESTRICT,
  CONSTRAINT `ACT_FK_MODEL_SOURCE` FOREIGN KEY (`EDITOR_SOURCE_VALUE_ID_`) REFERENCES `act_ge_bytearray` (`id_`) ON DELETE RESTRICT ON UPDATE RESTRICT,
  CONSTRAINT `ACT_FK_MODEL_SOURCE_EXTRA` FOREIGN KEY (`EDITOR_SOURCE_EXTRA_VALUE_ID_`) REFERENCES `act_ge_bytearray` (`id_`) ON DELETE RESTRICT ON UPDATE RESTRICT
) ENGINE = InnoDB CHARACTER SET = utf8 COLLATE = utf8_bin ROW_FORMAT = Compact;

-- ----------------------------
-- Records of act_re_model
-- ----------------------------
INSERT INTO `act_re_model` VALUES ('1', 9, '请假流程', '请假流程', NULL, '2019-08-03 11:40:53', '2019-08-03 16:34:31', 1, '{\"name\":\"请假流程\",\"description\":\"这是一个请假流程\",\"revision\":\"1\"}', '7502', '2', '7501', '');
INSERT INTO `act_re_model` VALUES ('2501', 2, '请假流程', '请假流程', NULL, '2019-08-03 12:01:51', '2019-08-03 12:01:51', 1, '{\"name\":\"请假流程\",\"description\":\"这是一个请假流程\",\"revision\":\"1\"}', NULL, '2502', NULL, '');
INSERT INTO `act_re_model` VALUES ('5001', 2, '请假流程', '请假流程', NULL, '2019-08-03 12:02:49', '2019-08-03 12:02:49', 1, '{\"name\":\"请假流程\",\"description\":\"这是一个请假流程\",\"revision\":\"1\"}', NULL, '5002', NULL, '');

-- ----------------------------
-- Table structure for act_re_procdef
-- ----------------------------
DROP TABLE IF EXISTS `act_re_procdef`;
CREATE TABLE `act_re_procdef`  (
  `ID_` varchar(64) CHARACTER SET utf8 COLLATE utf8_bin NOT NULL,
  `REV_` int(11) NULL DEFAULT NULL,
  `CATEGORY_` varchar(255) CHARACTER SET utf8 COLLATE utf8_bin NULL DEFAULT NULL,
  `NAME_` varchar(255) CHARACTER SET utf8 COLLATE utf8_bin NULL DEFAULT NULL,
  `KEY_` varchar(255) CHARACTER SET utf8 COLLATE utf8_bin NOT NULL,
  `VERSION_` int(11) NOT NULL,
  `DEPLOYMENT_ID_` varchar(64) CHARACTER SET utf8 COLLATE utf8_bin NULL DEFAULT NULL,
  `RESOURCE_NAME_` varchar(4000) CHARACTER SET utf8 COLLATE utf8_bin NULL DEFAULT NULL,
  `DGRM_RESOURCE_NAME_` varchar(4000) CHARACTER SET utf8 COLLATE utf8_bin NULL DEFAULT NULL,
  `DESCRIPTION_` varchar(4000) CHARACTER SET utf8 COLLATE utf8_bin NULL DEFAULT NULL,
  `HAS_START_FORM_KEY_` tinyint(4) NULL DEFAULT NULL,
  `HAS_GRAPHICAL_NOTATION_` tinyint(4) NULL DEFAULT NULL,
  `SUSPENSION_STATE_` int(11) NULL DEFAULT NULL,
  `TENANT_ID_` varchar(255) CHARACTER SET utf8 COLLATE utf8_bin NULL DEFAULT '',
  PRIMARY KEY (`ID_`) USING BTREE,
  UNIQUE INDEX `ACT_UNIQ_PROCDEF`(`KEY_`, `VERSION_`, `TENANT_ID_`) USING BTREE
) ENGINE = InnoDB CHARACTER SET = utf8 COLLATE = utf8_bin ROW_FORMAT = Compact;

-- ----------------------------
-- Records of act_re_procdef
-- ----------------------------
INSERT INTO `act_re_procdef` VALUES ('process:1:7505', 1, 'http://www.activiti.org/processdef', '请假流程', 'process', 1, '7502', '请假流程.bpmn20.xml', '请假流程.process.png', NULL, 0, 1, 1, '');

-- ----------------------------
-- Table structure for act_ru_event_subscr
-- ----------------------------
DROP TABLE IF EXISTS `act_ru_event_subscr`;
CREATE TABLE `act_ru_event_subscr`  (
  `ID_` varchar(64) CHARACTER SET utf8 COLLATE utf8_bin NOT NULL,
  `REV_` int(11) NULL DEFAULT NULL,
  `EVENT_TYPE_` varchar(255) CHARACTER SET utf8 COLLATE utf8_bin NOT NULL,
  `EVENT_NAME_` varchar(255) CHARACTER SET utf8 COLLATE utf8_bin NULL DEFAULT NULL,
  `EXECUTION_ID_` varchar(64) CHARACTER SET utf8 COLLATE utf8_bin NULL DEFAULT NULL,
  `PROC_INST_ID_` varchar(64) CHARACTER SET utf8 COLLATE utf8_bin NULL DEFAULT NULL,
  `ACTIVITY_ID_` varchar(64) CHARACTER SET utf8 COLLATE utf8_bin NULL DEFAULT NULL,
  `CONFIGURATION_` varchar(255) CHARACTER SET utf8 COLLATE utf8_bin NULL DEFAULT NULL,
  `CREATED_` timestamp(0) NOT NULL DEFAULT CURRENT_TIMESTAMP,
  `PROC_DEF_ID_` varchar(64) CHARACTER SET utf8 COLLATE utf8_bin NULL DEFAULT NULL,
  `TENANT_ID_` varchar(255) CHARACTER SET utf8 COLLATE utf8_bin NULL DEFAULT '',
  PRIMARY KEY (`ID_`) USING BTREE,
  INDEX `ACT_IDX_EVENT_SUBSCR_CONFIG_`(`CONFIGURATION_`) USING BTREE,
  INDEX `ACT_FK_EVENT_EXEC`(`EXECUTION_ID_`) USING BTREE,
  CONSTRAINT `ACT_FK_EVENT_EXEC` FOREIGN KEY (`EXECUTION_ID_`) REFERENCES `act_ru_execution` (`id_`) ON DELETE RESTRICT ON UPDATE RESTRICT
) ENGINE = InnoDB CHARACTER SET = utf8 COLLATE = utf8_bin ROW_FORMAT = Compact;

-- ----------------------------
-- Table structure for act_ru_execution
-- ----------------------------
DROP TABLE IF EXISTS `act_ru_execution`;
CREATE TABLE `act_ru_execution`  (
  `ID_` varchar(64) CHARACTER SET utf8 COLLATE utf8_bin NOT NULL DEFAULT '',
  `REV_` int(11) NULL DEFAULT NULL,
  `PROC_INST_ID_` varchar(64) CHARACTER SET utf8 COLLATE utf8_bin NULL DEFAULT NULL,
  `BUSINESS_KEY_` varchar(255) CHARACTER SET utf8 COLLATE utf8_bin NULL DEFAULT NULL,
  `PARENT_ID_` varchar(64) CHARACTER SET utf8 COLLATE utf8_bin NULL DEFAULT NULL,
  `PROC_DEF_ID_` varchar(64) CHARACTER SET utf8 COLLATE utf8_bin NULL DEFAULT NULL,
  `SUPER_EXEC_` varchar(64) CHARACTER SET utf8 COLLATE utf8_bin NULL DEFAULT NULL,
  `ACT_ID_` varchar(255) CHARACTER SET utf8 COLLATE utf8_bin NULL DEFAULT NULL,
  `IS_ACTIVE_` tinyint(4) NULL DEFAULT NULL,
  `IS_CONCURRENT_` tinyint(4) NULL DEFAULT NULL,
  `IS_SCOPE_` tinyint(4) NULL DEFAULT NULL,
  `IS_EVENT_SCOPE_` tinyint(4) NULL DEFAULT NULL,
  `SUSPENSION_STATE_` int(11) NULL DEFAULT NULL,
  `CACHED_ENT_STATE_` int(11) NULL DEFAULT NULL,
  `TENANT_ID_` varchar(255) CHARACTER SET utf8 COLLATE utf8_bin NULL DEFAULT '',
  `NAME_` varchar(255) CHARACTER SET utf8 COLLATE utf8_bin NULL DEFAULT NULL,
  `LOCK_TIME_` timestamp(0) NULL DEFAULT NULL,
  PRIMARY KEY (`ID_`) USING BTREE,
  INDEX `ACT_IDX_EXEC_BUSKEY`(`BUSINESS_KEY_`) USING BTREE,
  INDEX `ACT_FK_EXE_PROCINST`(`PROC_INST_ID_`) USING BTREE,
  INDEX `ACT_FK_EXE_PARENT`(`PARENT_ID_`) USING BTREE,
  INDEX `ACT_FK_EXE_SUPER`(`SUPER_EXEC_`) USING BTREE,
  INDEX `ACT_FK_EXE_PROCDEF`(`PROC_DEF_ID_`) USING BTREE,
  CONSTRAINT `ACT_FK_EXE_PARENT` FOREIGN KEY (`PARENT_ID_`) REFERENCES `act_ru_execution` (`id_`) ON DELETE RESTRICT ON UPDATE RESTRICT,
  CONSTRAINT `ACT_FK_EXE_PROCDEF` FOREIGN KEY (`PROC_DEF_ID_`) REFERENCES `act_re_procdef` (`id_`) ON DELETE RESTRICT ON UPDATE RESTRICT,
  CONSTRAINT `ACT_FK_EXE_PROCINST` FOREIGN KEY (`PROC_INST_ID_`) REFERENCES `act_ru_execution` (`id_`) ON DELETE CASCADE ON UPDATE CASCADE,
  CONSTRAINT `ACT_FK_EXE_SUPER` FOREIGN KEY (`SUPER_EXEC_`) REFERENCES `act_ru_execution` (`id_`) ON DELETE RESTRICT ON UPDATE RESTRICT
) ENGINE = InnoDB CHARACTER SET = utf8 COLLATE = utf8_bin ROW_FORMAT = Compact;

-- ----------------------------
-- Records of act_ru_execution
-- ----------------------------
INSERT INTO `act_ru_execution` VALUES ('10001', 1, '10001', NULL, NULL, 'process:1:7505', NULL, 'sid-3791AC85-AC2B-4F9F-8C63-6945BBD6CDD9', 1, 0, 1, 0, 1, 2, '', NULL, NULL);
INSERT INTO `act_ru_execution` VALUES ('10008', 1, '10008', NULL, NULL, 'process:1:7505', NULL, 'sid-3791AC85-AC2B-4F9F-8C63-6945BBD6CDD9', 1, 0, 1, 0, 1, 2, '', NULL, NULL);
INSERT INTO `act_ru_execution` VALUES ('10015', 1, '10015', 'admin', NULL, 'process:1:7505', NULL, 'sid-3791AC85-AC2B-4F9F-8C63-6945BBD6CDD9', 1, 0, 1, 0, 1, 2, '', NULL, NULL);
INSERT INTO `act_ru_execution` VALUES ('12501', 2, '12501', 'admin', NULL, 'process:1:7505', NULL, 'sid-FF5F7E32-FE6D-40DC-90FC-99160D729EAB', 1, 0, 1, 0, 1, 2, '', NULL, NULL);

-- ----------------------------
-- Table structure for act_ru_identitylink
-- ----------------------------
DROP TABLE IF EXISTS `act_ru_identitylink`;
CREATE TABLE `act_ru_identitylink`  (
  `ID_` varchar(64) CHARACTER SET utf8 COLLATE utf8_bin NOT NULL DEFAULT '',
  `REV_` int(11) NULL DEFAULT NULL,
  `GROUP_ID_` varchar(255) CHARACTER SET utf8 COLLATE utf8_bin NULL DEFAULT NULL,
  `TYPE_` varchar(255) CHARACTER SET utf8 COLLATE utf8_bin NULL DEFAULT NULL,
  `USER_ID_` varchar(255) CHARACTER SET utf8 COLLATE utf8_bin NULL DEFAULT NULL,
  `TASK_ID_` varchar(64) CHARACTER SET utf8 COLLATE utf8_bin NULL DEFAULT NULL,
  `PROC_INST_ID_` varchar(64) CHARACTER SET utf8 COLLATE utf8_bin NULL DEFAULT NULL,
  `PROC_DEF_ID_` varchar(64) CHARACTER SET utf8 COLLATE utf8_bin NULL DEFAULT NULL,
  PRIMARY KEY (`ID_`) USING BTREE,
  INDEX `ACT_IDX_IDENT_LNK_USER`(`USER_ID_`) USING BTREE,
  INDEX `ACT_IDX_IDENT_LNK_GROUP`(`GROUP_ID_`) USING BTREE,
  INDEX `ACT_IDX_ATHRZ_PROCEDEF`(`PROC_DEF_ID_`) USING BTREE,
  INDEX `ACT_FK_TSKASS_TASK`(`TASK_ID_`) USING BTREE,
  INDEX `ACT_FK_IDL_PROCINST`(`PROC_INST_ID_`) USING BTREE,
  CONSTRAINT `ACT_FK_ATHRZ_PROCEDEF` FOREIGN KEY (`PROC_DEF_ID_`) REFERENCES `act_re_procdef` (`id_`) ON DELETE RESTRICT ON UPDATE RESTRICT,
  CONSTRAINT `ACT_FK_IDL_PROCINST` FOREIGN KEY (`PROC_INST_ID_`) REFERENCES `act_ru_execution` (`id_`) ON DELETE RESTRICT ON UPDATE RESTRICT,
  CONSTRAINT `ACT_FK_TSKASS_TASK` FOREIGN KEY (`TASK_ID_`) REFERENCES `act_ru_task` (`id_`) ON DELETE RESTRICT ON UPDATE RESTRICT
) ENGINE = InnoDB CHARACTER SET = utf8 COLLATE = utf8_bin ROW_FORMAT = Compact;

-- ----------------------------
-- Records of act_ru_identitylink
-- ----------------------------
INSERT INTO `act_ru_identitylink` VALUES ('10007', 1, NULL, 'participant', 'zhangsan', NULL, '10001', NULL);
INSERT INTO `act_ru_identitylink` VALUES ('10014', 1, NULL, 'participant', 'zhangsan', NULL, '10008', NULL);
INSERT INTO `act_ru_identitylink` VALUES ('10022', 1, NULL, 'participant', 'zhangsan', NULL, '10015', NULL);
INSERT INTO `act_ru_identitylink` VALUES ('12511', 1, NULL, 'participant', 'zhangsan', NULL, '12501', NULL);
INSERT INTO `act_ru_identitylink` VALUES ('15007', 1, NULL, 'participant', 'lisi', NULL, '12501', NULL);

-- ----------------------------
-- Table structure for act_ru_job
-- ----------------------------
DROP TABLE IF EXISTS `act_ru_job`;
CREATE TABLE `act_ru_job`  (
  `ID_` varchar(64) CHARACTER SET utf8 COLLATE utf8_bin NOT NULL,
  `REV_` int(11) NULL DEFAULT NULL,
  `TYPE_` varchar(255) CHARACTER SET utf8 COLLATE utf8_bin NOT NULL,
  `LOCK_EXP_TIME_` timestamp(0) NULL DEFAULT NULL,
  `LOCK_OWNER_` varchar(255) CHARACTER SET utf8 COLLATE utf8_bin NULL DEFAULT NULL,
  `EXCLUSIVE_` tinyint(1) NULL DEFAULT NULL,
  `EXECUTION_ID_` varchar(64) CHARACTER SET utf8 COLLATE utf8_bin NULL DEFAULT NULL,
  `PROCESS_INSTANCE_ID_` varchar(64) CHARACTER SET utf8 COLLATE utf8_bin NULL DEFAULT NULL,
  `PROC_DEF_ID_` varchar(64) CHARACTER SET utf8 COLLATE utf8_bin NULL DEFAULT NULL,
  `RETRIES_` int(11) NULL DEFAULT NULL,
  `EXCEPTION_STACK_ID_` varchar(64) CHARACTER SET utf8 COLLATE utf8_bin NULL DEFAULT NULL,
  `EXCEPTION_MSG_` varchar(4000) CHARACTER SET utf8 COLLATE utf8_bin NULL DEFAULT NULL,
  `DUEDATE_` timestamp(0) NULL DEFAULT NULL,
  `REPEAT_` varchar(255) CHARACTER SET utf8 COLLATE utf8_bin NULL DEFAULT NULL,
  `HANDLER_TYPE_` varchar(255) CHARACTER SET utf8 COLLATE utf8_bin NULL DEFAULT NULL,
  `HANDLER_CFG_` varchar(4000) CHARACTER SET utf8 COLLATE utf8_bin NULL DEFAULT NULL,
  `TENANT_ID_` varchar(255) CHARACTER SET utf8 COLLATE utf8_bin NULL DEFAULT '',
  PRIMARY KEY (`ID_`) USING BTREE,
  INDEX `ACT_FK_JOB_EXCEPTION`(`EXCEPTION_STACK_ID_`) USING BTREE,
  CONSTRAINT `ACT_FK_JOB_EXCEPTION` FOREIGN KEY (`EXCEPTION_STACK_ID_`) REFERENCES `act_ge_bytearray` (`id_`) ON DELETE RESTRICT ON UPDATE RESTRICT
) ENGINE = InnoDB CHARACTER SET = utf8 COLLATE = utf8_bin ROW_FORMAT = Compact;

-- ----------------------------
-- Table structure for act_ru_task
-- ----------------------------
DROP TABLE IF EXISTS `act_ru_task`;
CREATE TABLE `act_ru_task`  (
  `ID_` varchar(64) CHARACTER SET utf8 COLLATE utf8_bin NOT NULL DEFAULT '',
  `REV_` int(11) NULL DEFAULT NULL,
  `EXECUTION_ID_` varchar(64) CHARACTER SET utf8 COLLATE utf8_bin NULL DEFAULT NULL,
  `PROC_INST_ID_` varchar(64) CHARACTER SET utf8 COLLATE utf8_bin NULL DEFAULT NULL,
  `PROC_DEF_ID_` varchar(64) CHARACTER SET utf8 COLLATE utf8_bin NULL DEFAULT NULL,
  `NAME_` varchar(255) CHARACTER SET utf8 COLLATE utf8_bin NULL DEFAULT NULL,
  `PARENT_TASK_ID_` varchar(64) CHARACTER SET utf8 COLLATE utf8_bin NULL DEFAULT NULL,
  `DESCRIPTION_` varchar(4000) CHARACTER SET utf8 COLLATE utf8_bin NULL DEFAULT NULL,
  `TASK_DEF_KEY_` varchar(255) CHARACTER SET utf8 COLLATE utf8_bin NULL DEFAULT NULL,
  `OWNER_` varchar(255) CHARACTER SET utf8 COLLATE utf8_bin NULL DEFAULT NULL,
  `ASSIGNEE_` varchar(255) CHARACTER SET utf8 COLLATE utf8_bin NULL DEFAULT NULL,
  `DELEGATION_` varchar(64) CHARACTER SET utf8 COLLATE utf8_bin NULL DEFAULT NULL,
  `PRIORITY_` int(11) NULL DEFAULT NULL,
  `CREATE_TIME_` timestamp(0) NULL DEFAULT NULL,
  `DUE_DATE_` datetime(0) NULL DEFAULT NULL,
  `CATEGORY_` varchar(255) CHARACTER SET utf8 COLLATE utf8_bin NULL DEFAULT NULL,
  `SUSPENSION_STATE_` int(11) NULL DEFAULT NULL,
  `TENANT_ID_` varchar(255) CHARACTER SET utf8 COLLATE utf8_bin NULL DEFAULT '',
  `FORM_KEY_` varchar(255) CHARACTER SET utf8 COLLATE utf8_bin NULL DEFAULT NULL,
  PRIMARY KEY (`ID_`) USING BTREE,
  INDEX `ACT_IDX_TASK_CREATE`(`CREATE_TIME_`) USING BTREE,
  INDEX `ACT_FK_TASK_EXE`(`EXECUTION_ID_`) USING BTREE,
  INDEX `ACT_FK_TASK_PROCINST`(`PROC_INST_ID_`) USING BTREE,
  INDEX `ACT_FK_TASK_PROCDEF`(`PROC_DEF_ID_`) USING BTREE,
  CONSTRAINT `ACT_FK_TASK_EXE` FOREIGN KEY (`EXECUTION_ID_`) REFERENCES `act_ru_execution` (`id_`) ON DELETE RESTRICT ON UPDATE RESTRICT,
  CONSTRAINT `ACT_FK_TASK_PROCDEF` FOREIGN KEY (`PROC_DEF_ID_`) REFERENCES `act_re_procdef` (`id_`) ON DELETE RESTRICT ON UPDATE RESTRICT,
  CONSTRAINT `ACT_FK_TASK_PROCINST` FOREIGN KEY (`PROC_INST_ID_`) REFERENCES `act_ru_execution` (`id_`) ON DELETE RESTRICT ON UPDATE RESTRICT
) ENGINE = InnoDB CHARACTER SET = utf8 COLLATE = utf8_bin ROW_FORMAT = Compact;

-- ----------------------------
-- Records of act_ru_task
-- ----------------------------
INSERT INTO `act_ru_task` VALUES ('10006', 1, '10001', '10001', 'process:1:7505', '人事部审批', NULL, NULL, 'sid-3791AC85-AC2B-4F9F-8C63-6945BBD6CDD9', NULL, 'zhangsan', NULL, 50, '2019-09-07 13:20:03', NULL, NULL, 1, '', NULL);
INSERT INTO `act_ru_task` VALUES ('10013', 1, '10008', '10008', 'process:1:7505', '人事部审批', NULL, NULL, 'sid-3791AC85-AC2B-4F9F-8C63-6945BBD6CDD9', NULL, 'zhangsan', NULL, 50, '2019-09-07 13:21:13', NULL, NULL, 1, '', NULL);
INSERT INTO `act_ru_task` VALUES ('10021', 1, '10015', '10015', 'process:1:7505', '人事部审批', NULL, NULL, 'sid-3791AC85-AC2B-4F9F-8C63-6945BBD6CDD9', NULL, 'zhangsan', NULL, 50, '2019-09-07 13:25:01', NULL, NULL, 1, '', NULL);
INSERT INTO `act_ru_task` VALUES ('15006', 1, '12501', '12501', 'process:1:7505', '总经理审批', NULL, NULL, 'sid-FF5F7E32-FE6D-40DC-90FC-99160D729EAB', NULL, 'lisi', NULL, 50, '2019-09-07 15:56:10', NULL, NULL, 1, '', NULL);

-- ----------------------------
-- Table structure for act_ru_variable
-- ----------------------------
DROP TABLE IF EXISTS `act_ru_variable`;
CREATE TABLE `act_ru_variable`  (
  `ID_` varchar(64) CHARACTER SET utf8 COLLATE utf8_bin NOT NULL,
  `REV_` int(11) NULL DEFAULT NULL,
  `TYPE_` varchar(255) CHARACTER SET utf8 COLLATE utf8_bin NOT NULL,
  `NAME_` varchar(255) CHARACTER SET utf8 COLLATE utf8_bin NOT NULL,
  `EXECUTION_ID_` varchar(64) CHARACTER SET utf8 COLLATE utf8_bin NULL DEFAULT NULL,
  `PROC_INST_ID_` varchar(64) CHARACTER SET utf8 COLLATE utf8_bin NULL DEFAULT NULL,
  `TASK_ID_` varchar(64) CHARACTER SET utf8 COLLATE utf8_bin NULL DEFAULT NULL,
  `BYTEARRAY_ID_` varchar(64) CHARACTER SET utf8 COLLATE utf8_bin NULL DEFAULT NULL,
  `DOUBLE_` double NULL DEFAULT NULL,
  `LONG_` bigint(20) NULL DEFAULT NULL,
  `TEXT_` varchar(4000) CHARACTER SET utf8 COLLATE utf8_bin NULL DEFAULT NULL,
  `TEXT2_` varchar(4000) CHARACTER SET utf8 COLLATE utf8_bin NULL DEFAULT NULL,
  PRIMARY KEY (`ID_`) USING BTREE,
  INDEX `ACT_IDX_VARIABLE_TASK_ID`(`TASK_ID_`) USING BTREE,
  INDEX `ACT_FK_VAR_EXE`(`EXECUTION_ID_`) USING BTREE,
  INDEX `ACT_FK_VAR_PROCINST`(`PROC_INST_ID_`) USING BTREE,
  INDEX `ACT_FK_VAR_BYTEARRAY`(`BYTEARRAY_ID_`) USING BTREE,
  CONSTRAINT `ACT_FK_VAR_BYTEARRAY` FOREIGN KEY (`BYTEARRAY_ID_`) REFERENCES `act_ge_bytearray` (`id_`) ON DELETE RESTRICT ON UPDATE RESTRICT,
  CONSTRAINT `ACT_FK_VAR_EXE` FOREIGN KEY (`EXECUTION_ID_`) REFERENCES `act_ru_execution` (`id_`) ON DELETE RESTRICT ON UPDATE RESTRICT,
  CONSTRAINT `ACT_FK_VAR_PROCINST` FOREIGN KEY (`PROC_INST_ID_`) REFERENCES `act_ru_execution` (`id_`) ON DELETE RESTRICT ON UPDATE RESTRICT
) ENGINE = InnoDB CHARACTER SET = utf8 COLLATE = utf8_bin ROW_FORMAT = Compact;

-- ----------------------------
-- Records of act_ru_variable
-- ----------------------------
INSERT INTO `act_ru_variable` VALUES ('10003', 1, 'string', '请假人', '10001', '10001', NULL, NULL, NULL, NULL, '张三', NULL);
INSERT INTO `act_ru_variable` VALUES ('10004', 1, 'string', '请假天数', '10001', '10001', NULL, NULL, NULL, NULL, '1', NULL);
INSERT INTO `act_ru_variable` VALUES ('10010', 1, 'string', '请假人', '10008', '10008', NULL, NULL, NULL, NULL, '张三', NULL);
INSERT INTO `act_ru_variable` VALUES ('10011', 1, 'string', '请假天数', '10008', '10008', NULL, NULL, NULL, NULL, '1', NULL);
INSERT INTO `act_ru_variable` VALUES ('10017', 1, 'string', '请假人', '10015', '10015', NULL, NULL, NULL, NULL, '李四', NULL);
INSERT INTO `act_ru_variable` VALUES ('10018', 1, 'string', '请假天数', '10015', '10015', NULL, NULL, NULL, NULL, '1', NULL);
INSERT INTO `act_ru_variable` VALUES ('10019', 1, 'string', 'userId', '10015', '10015', NULL, NULL, NULL, NULL, 'admin', NULL);
INSERT INTO `act_ru_variable` VALUES ('12503', 1, 'string', '请假人', '12501', '12501', NULL, NULL, NULL, NULL, 'mmmmm', NULL);
INSERT INTO `act_ru_variable` VALUES ('12505', 1, 'string', '请假天数', '12501', '12501', NULL, NULL, NULL, NULL, '5', NULL);
INSERT INTO `act_ru_variable` VALUES ('12507', 1, 'string', 'userId', '12501', '12501', NULL, NULL, NULL, NULL, 'admin', NULL);
INSERT INTO `act_ru_variable` VALUES ('15001', 1, 'string', '是否同意', '12501', '12501', NULL, NULL, NULL, NULL, '是', NULL);
INSERT INTO `act_ru_variable` VALUES ('15003', 1, 'string', '备注', '12501', '12501', NULL, NULL, NULL, NULL, '同意', NULL);

SET FOREIGN_KEY_CHECKS = 1;
